2000,SYDNEY,MILLERS POINT,,,,,,,,,,,,,,,,,,,,,,,,,,,,,,,,,,,,,,,,,,,,
2001,SYDNEY,,,,,,,,,,,,,,,,,,,,,,,,,,,,,,,,,,,,,,,,,,,,,
2007,ULTIMO,,,,,,,,,,,,,,,,,,,,,,,,,,,,,,,,,,,,,,,,,,,,,
2008,CHIPPENDALE,,,,,,,,,,,,,,,,,,,,,,,,,,,,,,,,,,,,,,,,,,,,,
2010,SURRY HILLS,DARLINGHURST,,,,,,,,,,,,,,,,,,,,,,,,,,,,,,,,,,,,,,,,,,,,
2011,WOOLLOOMOOLOO,POTTS POINT,,,,,,,,,,,,,,,,,,,,,,,,,,,,,,,,,,,,,,,,,,,,
2015,ALEXANDRIA,,,,,,,,,,,,,,,,,,,,,,,,,,,,,,,,,,,,,,,,,,,,,
2016,REDFERN,,,,,,,,,,,,,,,,,,,,,,,,,,,,,,,,,,,,,,,,,,,,,
2017,WATERLOO,,,,,,,,,,,,,,,,,,,,,,,,,,,,,,,,,,,,,,,,,,,,,
2018,EASTLAKES,ROSEBERY,,,,,,,,,,,,,,,,,,,,,,,,,,,,,,,,,,,,,,,,,,,,
2019,BOTANY,,,,,,,,,,,,,,,,,,,,,,,,,,,,,,,,,,,,,,,,,,,,,
2020,MASCOT,,,,,,,,,,,,,,,,,,,,,,,,,,,,,,,,,,,,,,,,,,,,,
2021,PADDINGTON,,,,,,,,,,,,,,,,,,,,,,,,,,,,,,,,,,,,,,,,,,,,,
2022,BONDI JUNCTION,WOOLLAHRA,,,,,,,,,,,,,,,,,,,,,,,,,,,,,,,,,,,,,,,,,,,,
2023,BELLEVUE HILL,BELLEVUE,,,,,,,,,,,,,,,,,,,,,,,,,,,,,,,,,,,,,,,,,,,,
2024,WAVERLEY,BRONTE,,,,,,,,,,,,,,,,,,,,,,,,,,,,,,,,,,,,,,,,,,,,
2025,WOOLLAHRA,,,,,,,,,,,,,,,,,,,,,,,,,,,,,,,,,,,,,,,,,,,,,
2026,BONDI BEACH,BONDI,NORTH BONDI,,,,,,,,,,,,,,,,,,,,,,,,,,,,,,,,,,,,,,,,,,,
2027,EDGECLIFF,,,,,,,,,,,,,,,,,,,,,,,,,,,,,,,,,,,,,,,,,,,,,
2028,DOUBLE BAY,,,,,,,,,,,,,,,,,,,,,,,,,,,,,,,,,,,,,,,,,,,,,
2029,ROSE BAY,,,,,,,,,,,,,,,,,,,,,,,,,,,,,,,,,,,,,,,,,,,,,
2030,VAUCLUSE,DOVER HEIGHTS,,,,,,,,,,,,,,,,,,,,,,,,,,,,,,,,,,,,,,,,,,,,
2031,RANDWICK,CLOVELLY,RANDWICK NORTH,,,,,,,,,,,,,,,,,,,,,,,,,,,,,,,,,,,,,,,,,,,
2032,KINGSFORD,DACEYVILLE,,,,,,,,,,,,,,,,,,,,,,,,,,,,,,,,,,,,,,,,,,,,
2033,KENSINGTON,,,,,,,,,,,,,,,,,,,,,,,,,,,,,,,,,,,,,,,,,,,,,
2034,COOGEE,SOUTH COOGEE,,,,,,,,,,,,,,,,,,,,,,,,,,,,,,,,,,,,,,,,,,,,
2035,MAROUBRA,PAGEWOOD,MAROUBRA JUNCTION,,,,,,,,,,,,,,,,,,,,,,,,,,,,,,,,,,,,,,,,,,,
2036,LA PEROUSE,MALABAR,MATRAVILLE,CHIFLEY,,,,,,,,,,,,,,,,,,,,,,,,,,,,,,,,,,,,,,,,,,
2037,GLEBE,FOREST LODGE,,,,,,,,,,,,,,,,,,,,,,,,,,,,,,,,,,,,,,,,,,,,
2038,ANNANDALE,,,,,,,,,,,,,,,,,,,,,,,,,,,,,,,,,,,,,,,,,,,,,
2039,ROZELLE,,,,,,,,,,,,,,,,,,,,,,,,,,,,,,,,,,,,,,,,,,,,,
2040,LEICHHARDT,LEICHHARDT NORTH,LILYFIELD,,,,,,,,,,,,,,,,,,,,,,,,,,,,,,,,,,,,,,,,,,,
2041,BALMAIN,BALMAIN EAST,,,,,,,,,,,,,,,,,,,,,,,,,,,,,,,,,,,,,,,,,,,,
2042,NEWTOWN,ENMORE,,,,,,,,,,,,,,,,,,,,,,,,,,,,,,,,,,,,,,,,,,,,
2043,ERSKINEVILLE,,,,,,,,,,,,,,,,,,,,,,,,,,,,,,,,,,,,,,,,,,,,,
2044,ST PETERS,TEMPE,,,,,,,,,,,,,,,,,,,,,,,,,,,,,,,,,,,,,,,,,,,,
2045,HABERFIELD,,,,,,,,,,,,,,,,,,,,,,,,,,,,,,,,,,,,,,,,,,,,,
2046,FIVE DOCK,ABBOTSFORD,CANADA BAY,,,,,,,,,,,,,,,,,,,,,,,,,,,,,,,,,,,,,,,,,,,
2047,DRUMMOYNE,,,,,,,,,,,,,,,,,,,,,,,,,,,,,,,,,,,,,,,,,,,,,
2048,STANMORE,,,,,,,,,,,,,,,,,,,,,,,,,,,,,,,,,,,,,,,,,,,,,
2049,PETERSHAM,LEWISHAM,,,,,,,,,,,,,,,,,,,,,,,,,,,,,,,,,,,,,,,,,,,,
2050,CAMPERDOWN,,,,,,,,,,,,,,,,,,,,,,,,,,,,,,,,,,,,,,,,,,,,,
2060,NORTH SYDNEY,WAVERTON,,,,,,,,,,,,,,,,,,,,,,,,,,,,,,,,,,,,,,,,,,,,
2061,MILSONS POINT,KIRRIBILLI,,,,,,,,,,,,,,,,,,,,,,,,,,,,,,,,,,,,,,,,,,,,
2062,CAMMERAY,,,,,,,,,,,,,,,,,,,,,,,,,,,,,,,,,,,,,,,,,,,,,
2063,NORTHBRIDGE,,,,,,,,,,,,,,,,,,,,,,,,,,,,,,,,,,,,,,,,,,,,,
2064,ARTARMON,,,,,,,,,,,,,,,,,,,,,,,,,,,,,,,,,,,,,,,,,,,,,
2065,ST LEONARDS,GREENWICH,NAREMBURN,CROWS NEST,,,,,,,,,,,,,,,,,,,,,,,,,,,,,,,,,,,,,,,,,,
2066,LANE COVE,RIVERVIEW,,,,,,,,,,,,,,,,,,,,,,,,,,,,,,,,,,,,,,,,,,,,
2067,CHATSWOOD,,,,,,,,,,,,,,,,,,,,,,,,,,,,,,,,,,,,,,,,,,,,,
2068,CASTLECRAG,WILLOUGHBY,MIDDLE COVE,,,,,,,,,,,,,,,,,,,,,,,,,,,,,,,,,,,,,,,,,,,
2069,ROSEVILLE,CASTLE COVE,,,,,,,,,,,,,,,,,,,,,,,,,,,,,,,,,,,,,,,,,,,,
2070,LINDFIELD,LINDFIELD WEST,EAST LINDFIELD,,,,,,,,,,,,,,,,,,,,,,,,,,,,,,,,,,,,,,,,,,,
2071,KILLARA,,,,,,,,,,,,,,,,,,,,,,,,,,,,,,,,,,,,,,,,,,,,,
2072,GORDON,,,,,,,,,,,,,,,,,,,,,,,,,,,,,,,,,,,,,,,,,,,,,
2073,PYMBLE,WEST PYMBLE,,,,,,,,,,,,,,,,,,,,,,,,,,,,,,,,,,,,,,,,,,,,
2074,NORTH TURRAMURRA,TURRAMURRA,SOUTH TURRAMURRA,,,,,,,,,,,,,,,,,,,,,,,,,,,,,,,,,,,,,,,,,,,
2075,ST IVES,,,,,,,,,,,,,,,,,,,,,,,,,,,,,,,,,,,,,,,,,,,,,
2076,WAHROONGA,NORMANHURST,,,,,,,,,,,,,,,,,,,,,,,,,,,,,,,,,,,,,,,,,,,,
2077,BOBBIN HEAD,ASQUITH,HORNSBY,WAITARA,,,,,,,,,,,,,,,,,,,,,,,,,,,,,,,,,,,,,,,,,,
2079,MOUNT COLAH,,,,,,,,,,,,,,,,,,,,,,,,,,,,,,,,,,,,,,,,,,,,,
2080,MOUNT KURING-GAI,,,,,,,,,,,,,,,,,,,,,,,,,,,,,,,,,,,,,,,,,,,,,
2081,BEROWRA,COWAN,,,,,,,,,,,,,,,,,,,,,,,,,,,,,,,,,,,,,,,,,,,,
2082,BEROWRA HEIGHTS,,,,,,,,,,,,,,,,,,,,,,,,,,,,,,,,,,,,,,,,,,,,,
2083,BROOKLYN,,,,,,,,,,,,,,,,,,,,,,,,,,,,,,,,,,,,,,,,,,,,,
2084,TERREY HILLS,DUFFYS FOREST,,,,,,,,,,,,,,,,,,,,,,,,,,,,,,,,,,,,,,,,,,,,
2085,BELROSE,DAVIDSON,,,,,,,,,,,,,,,,,,,,,,,,,,,,,,,,,,,,,,,,,,,,
2086,FRENCHS FOREST,,,,,,,,,,,,,,,,,,,,,,,,,,,,,,,,,,,,,,,,,,,,,
2087,FORESTVILLE,KILLARNEY HEIGHTS,,,,,,,,,,,,,,,,,,,,,,,,,,,,,,,,,,,,,,,,,,,,
2088,MOSMAN,CLIFTON GARDENS,,,,,,,,,,,,,,,,,,,,,,,,,,,,,,,,,,,,,,,,,,,,
2089,NEUTRAL BAY,,,,,,,,,,,,,,,,,,,,,,,,,,,,,,,,,,,,,,,,,,,,,
2090,CREMORNE,,,,,,,,,,,,,,,,,,,,,,,,,,,,,,,,,,,,,,,,,,,,,
2092,SEAFORTH,,,,,,,,,,,,,,,,,,,,,,,,,,,,,,,,,,,,,,,,,,,,,
2093,NORTH BALGOWLAH,BALGOWLAH,MANLY VALE,,,,,,,,,,,,,,,,,,,,,,,,,,,,,,,,,,,,,,,,,,,
2095,MANLY,,,,,,,,,,,,,,,,,,,,,,,,,,,,,,,,,,,,,,,,,,,,,
2096,FRESHWATER,CURL CURL,,,,,,,,,,,,,,,,,,,,,,,,,,,,,,,,,,,,,,,,,,,,
2097,COLLAROY PLATEAU,COLLAROY,,,,,,,,,,,,,,,,,,,,,,,,,,,,,,,,,,,,,,,,,,,,
2099,NARRAWEENA,DEE WHY,NORTH CURL CURL,CROMER,,,,,,,,,,,,,,,,,,,,,,,,,,,,,,,,,,,,,,,,,,
2100,BROOKVALE,BEACON HILL,ALLAMBIE HEIGHTS,OXFORD FALLS,,,,,,,,,,,,,,,,,,,,,,,,,,,,,,,,,,,,,,,,,,
2101,NARRABEEN,NORTH NARRABEEN,ELANORA HEIGHTS,INGLESIDE,,,,,,,,,,,,,,,,,,,,,,,,,,,,,,,,,,,,,,,,,,
2102,WARRIEWOOD,,,,,,,,,,,,,,,,,,,,,,,,,,,,,,,,,,,,,,,,,,,,,
2103,MONA VALE,,,,,,,,,,,,,,,,,,,,,,,,,,,,,,,,,,,,,,,,,,,,,
2104,BAYVIEW,,,,,,,,,,,,,,,,,,,,,,,,,,,,,,,,,,,,,,,,,,,,,
2106,NEWPORT,,,,,,,,,,,,,,,,,,,,,,,,,,,,,,,,,,,,,,,,,,,,,
2107,AVALON BEACH,BILGOLA PLATEAU,,,,,,,,,,,,,,,,,,,,,,,,,,,,,,,,,,,,,,,,,,,,
2109,MACQUARIE UNIVERSITY,,,,,,,,,,,,,,,,,,,,,,,,,,,,,,,,,,,,,,,,,,,,,
2110,HUNTERS HILL,WOOLWICH,,,,,,,,,,,,,,,,,,,,,,,,,,,,,,,,,,,,,,,,,,,,
2111,GLADESVILLE,,,,,,,,,,,,,,,,,,,,,,,,,,,,,,,,,,,,,,,,,,,,,
2112,RYDE,,,,,,,,,,,,,,,,,,,,,,,,,,,,,,,,,,,,,,,,,,,,,
2113,EAST RYDE,NORTH RYDE,,,,,,,,,,,,,,,,,,,,,,,,,,,,,,,,,,,,,,,,,,,,
2114,WEST RYDE,DENISTONE,MEADOWBANK,,,,,,,,,,,,,,,,,,,,,,,,,,,,,,,,,,,,,,,,,,,
2115,ERMINGTON,,,,,,,,,,,,,,,,,,,,,,,,,,,,,,,,,,,,,,,,,,,,,
2116,RYDALMERE,,,,,,,,,,,,,,,,,,,,,,,,,,,,,,,,,,,,,,,,,,,,,
2117,DUNDAS,OATLANDS,TELOPEA,DUNDAS VALLEY,,,,,,,,,,,,,,,,,,,,,,,,,,,,,,,,,,,,,,,,,,
2118,CARLINGFORD,,,,,,,,,,,,,,,,,,,,,,,,,,,,,,,,,,,,,,,,,,,,,
2119,BEECROFT,,,,,,,,,,,,,,,,,,,,,,,,,,,,,,,,,,,,,,,,,,,,,
2120,PENNANT HILLS,THORNLEIGH,,,,,,,,,,,,,,,,,,,,,,,,,,,,,,,,,,,,,,,,,,,,
2121,EPPING,NORTH EPPING,,,,,,,,,,,,,,,,,,,,,,,,,,,,,,,,,,,,,,,,,,,,
2122,EASTWOOD,MARSFIELD,,,,,,,,,,,,,,,,,,,,,,,,,,,,,,,,,,,,,,,,,,,,
2125,WEST PENNANT HILLS,,,,,,,,,,,,,,,,,,,,,,,,,,,,,,,,,,,,,,,,,,,,,
2126,CHERRYBROOK,,,,,,,,,,,,,,,,,,,,,,,,,,,,,,,,,,,,,,,,,,,,,
2127,NEWINGTON,,,,,,,,,,,,,,,,,,,,,,,,,,,,,,,,,,,,,,,,,,,,,
2130,SUMMER HILL,,,,,,,,,,,,,,,,,,,,,,,,,,,,,,,,,,,,,,,,,,,,,
2131,ASHFIELD,,,,,,,,,,,,,,,,,,,,,,,,,,,,,,,,,,,,,,,,,,,,,
2132,CROYDON,,,,,,,,,,,,,,,,,,,,,,,,,,,,,,,,,,,,,,,,,,,,,
2133,CROYDON PARK,,,,,,,,,,,,,,,,,,,,,,,,,,,,,,,,,,,,,,,,,,,,,
2134,BURWOOD,,,,,,,,,,,,,,,,,,,,,,,,,,,,,,,,,,,,,,,,,,,,,
2135,STRATHFIELD,,,,,,,,,,,,,,,,,,,,,,,,,,,,,,,,,,,,,,,,,,,,,
2136,ENFIELD,STRATHFIELD SOUTH,,,,,,,,,,,,,,,,,,,,,,,,,,,,,,,,,,,,,,,,,,,,
2137,CONCORD,NORTH STRATHFIELD,MORTLAKE,,,,,,,,,,,,,,,,,,,,,,,,,,,,,,,,,,,,,,,,,,,
2138,CONCORD WEST,,,,,,,,,,,,,,,,,,,,,,,,,,,,,,,,,,,,,,,,,,,,,
2140,HOMEBUSH,HOMEBUSH WEST,,,,,,,,,,,,,,,,,,,,,,,,,,,,,,,,,,,,,,,,,,,,
2141,BERALA,LIDCOMBE,,,,,,,,,,,,,,,,,,,,,,,,,,,,,,,,,,,,,,,,,,,,
2142,GRANVILLE,ROSEHILL,GRANVILLE EAST,,,,,,,,,,,,,,,,,,,,,,,,,,,,,,,,,,,,,,,,,,,
2143,REGENTS PARK,BIRRONG,,,,,,,,,,,,,,,,,,,,,,,,,,,,,,,,,,,,,,,,,,,,
2144,AUBURN,AUBURN SOUTH,,,,,,,,,,,,,,,,,,,,,,,,,,,,,,,,,,,,,,,,,,,,
2145,WESTMEAD,GREYSTANES,GIRRAWEEN,WENTWORTHVILLE,,,,,,,,,,,,,,,,,,,,,,,,,,,,,,,,,,,,,,,,,,
2146,TOONGABBIE,,,,,,,,,,,,,,,,,,,,,,,,,,,,,,,,,,,,,,,,,,,,,
2147,SEVEN HILLS,LALOR PARK,KINGS LANGLEY,,,,,,,,,,,,,,,,,,,,,,,,,,,,,,,,,,,,,,,,,,,
2148,MARAYONG,BLACKTOWN,BLACKTOWN SOUTH,PROSPECT,,,,,,,,,,,,,,,,,,,,,,,,,,,,,,,,,,,,,,,,,,
2150,PARRAMATTA,HARRIS PARK,,,,,,,,,,,,,,,,,,,,,,,,,,,,,,,,,,,,,,,,,,,,
2151,NORTH ROCKS,NORTH PARRAMATTA,,,,,,,,,,,,,,,,,,,,,,,,,,,,,,,,,,,,,,,,,,,,
2152,NORTHMEAD,,,,,,,,,,,,,,,,,,,,,,,,,,,,,,,,,,,,,,,,,,,,,
2153,BAULKHAM HILLS,WINSTON HILLS,BAULKHAM HILLS SOUTH,KELLYVILLE,,,,,,,,,,,,,,,,,,,,,,,,,,,,,,,,,,,,,,,,,,
2154,CASTLE HILL,,,,,,,,,,,,,,,,,,,,,,,,,,,,,,,,,,,,,,,,,,,,,
2155,KELLYVILLE,ROUSE HILL,BEAUMONT HILLS,KELLYVILLE RIDGE,,,,,,,,,,,,,,,,,,,,,,,,,,,,,,,,,,,,,,,,,,
2156,GLENHAVEN,KENTHURST,ANNANGROVE,,,,,,,,,,,,,,,,,,,,,,,,,,,,,,,,,,,,,,,,,,,
2157,GLENORIE,,,,,,,,,,,,,,,,,,,,,,,,,,,,,,,,,,,,,,,,,,,,,
2158,DURAL,MIDDLE DURAL,,,,,,,,,,,,,,,,,,,,,,,,,,,,,,,,,,,,,,,,,,,,
2159,ARCADIA,GALSTON,,,,,,,,,,,,,,,,,,,,,,,,,,,,,,,,,,,,,,,,,,,,
2160,MERRYLANDS,,,,,,,,,,,,,,,,,,,,,,,,,,,,,,,,,,,,,,,,,,,,,
2161,GUILDFORD,YENNORA,GUILDFORD WEST,,,,,,,,,,,,,,,,,,,,,,,,,,,,,,,,,,,,,,,,,,,
2162,SEFTON,CHESTER HILL,,,,,,,,,,,,,,,,,,,,,,,,,,,,,,,,,,,,,,,,,,,,
2163,CARRAMAR,VILLAWOOD,,,,,,,,,,,,,,,,,,,,,,,,,,,,,,,,,,,,,,,,,,,,
2164,SMITHFIELD,WETHERILL PARK,HORSLEY PARK,,,,,,,,,,,,,,,,,,,,,,,,,,,,,,,,,,,,,,,,,,,
2165,FAIRFIELD EAST,FAIRFIELD,FAIRFIELD WEST,,,,,,,,,,,,,,,,,,,,,,,,,,,,,,,,,,,,,,,,,,,
2166,CABRAMATTA,CANLEY VALE,CANLEY HEIGHTS,,,,,,,,,,,,,,,,,,,,,,,,,,,,,,,,,,,,,,,,,,,
2167,GLENFIELD,,,,,,,,,,,,,,,,,,,,,,,,,,,,,,,,,,,,,,,,,,,,,
2168,GREEN VALLEY,SADLEIR,HECKENBERG,BUSBY,MILLER,ASHCROFT,CARTWRIGHT,HINCHINBROOK,SADLIER-MILLER,,,,,,,,,,,,,,,,,,,,,,,,,,,,,,,,,,,,,
2170,CASULA,CHIPPING NORTON,LIVERPOOL,HAMMONDVILLE,MOUNT PRITCHARD,PRESTONS,WARWICK FARM,LURNEA,MOOREBANK,,,,,,,,,,,,,,,,,,,,,,,,,,,,,,,,,,,,,
2171,HOXTON PARK,CARNES HILL,CECIL HILLS,MIDDLETON GRANGE,HORNINGSEA PARK,WEST HOXTON,,,,,,,,,,,,,,,,,,,,,,,,,,,,,,,,,,,,,,,,
2173,WATTLE GROVE,HOLSWORTHY,,,,,,,,,,,,,,,,,,,,,,,,,,,,,,,,,,,,,,,,,,,,
2174,EDMONDSON PARK,,,,,,,,,,,,,,,,,,,,,,,,,,,,,,,,,,,,,,,,,,,,,
2175,HORSLEY PARK,,,,,,,,,,,,,,,,,,,,,,,,,,,,,,,,,,,,,,,,,,,,,
2176,BOSSLEY PARK,ST JOHNS PARK,EDENSOR PARK,WAKELEY,GREENFIELD PARK,,,,,,,,,,,,,,,,,,,,,,,,,,,,,,,,,,,,,,,,,
2177,BONNYRIGG,BONNYRIGG HEIGHTS,,,,,,,,,,,,,,,,,,,,,,,,,,,,,,,,,,,,,,,,,,,,
2178,KEMPS CREEK,CECIL PARK,,,,,,,,,,,,,,,,,,,,,,,,,,,,,,,,,,,,,,,,,,,,
2179,AUSTRAL,LEPPINGTON,,,,,,,,,,,,,,,,,,,,,,,,,,,,,,,,,,,,,,,,,,,,
2190,GREENACRE,,,,,,,,,,,,,,,,,,,,,,,,,,,,,,,,,,,,,,,,,,,,,
2191,BELFIELD,,,,,,,,,,,,,,,,,,,,,,,,,,,,,,,,,,,,,,,,,,,,,
2192,BELMORE,BELFIELD,,,,,,,,,,,,,,,,,,,,,,,,,,,,,,,,,,,,,,,,,,,,
2193,ASHBURY,CANTERBURY,HURLSTONE PARK,,,,,,,,,,,,,,,,,,,,,,,,,,,,,,,,,,,,,,,,,,,
2194,CAMPSIE,,,,,,,,,,,,,,,,,,,,,,,,,,,,,,,,,,,,,,,,,,,,,
2195,LAKEMBA,WILEY PARK,,,,,,,,,,,,,,,,,,,,,,,,,,,,,,,,,,,,,,,,,,,,
2196,ROSELANDS,PUNCHBOWL,,,,,,,,,,,,,,,,,,,,,,,,,,,,,,,,,,,,,,,,,,,,
2197,BASS HILL,,,,,,,,,,,,,,,,,,,,,,,,,,,,,,,,,,,,,,,,,,,,,
2198,GEORGES HALL,,,,,,,,,,,,,,,,,,,,,,,,,,,,,,,,,,,,,,,,,,,,,
2199,YAGOONA,,,,,,,,,,,,,,,,,,,,,,,,,,,,,,,,,,,,,,,,,,,,,
2200,BANKSTOWN,CONDELL PARK,,,,,,,,,,,,,,,,,,,,,,,,,,,,,,,,,,,,,,,,,,,,
2203,DULWICH HILL,,,,,,,,,,,,,,,,,,,,,,,,,,,,,,,,,,,,,,,,,,,,,
2204,MARRICKVILLE,,,,,,,,,,,,,,,,,,,,,,,,,,,,,,,,,,,,,,,,,,,,,
2205,ARNCLIFFE,,,,,,,,,,,,,,,,,,,,,,,,,,,,,,,,,,,,,,,,,,,,,
2206,EARLWOOD,,,,,,,,,,,,,,,,,,,,,,,,,,,,,,,,,,,,,,,,,,,,,
2207,BARDWELL PARK,BEXLEY,,,,,,,,,,,,,,,,,,,,,,,,,,,,,,,,,,,,,,,,,,,,
2208,KINGSGROVE,,,,,,,,,,,,,,,,,,,,,,,,,,,,,,,,,,,,,,,,,,,,,
2209,BEVERLY HILLS,NARWEE,,,,,,,,,,,,,,,,,,,,,,,,,,,,,,,,,,,,,,,,,,,,
2210,PEAKHURST,LUGARNO,RIVERWOOD,,,,,,,,,,,,,,,,,,,,,,,,,,,,,,,,,,,,,,,,,,,
2211,PADSTOW,,,,,,,,,,,,,,,,,,,,,,,,,,,,,,,,,,,,,,,,,,,,,
2212,REVESBY,REVESBY HEIGHTS,,,,,,,,,,,,,,,,,,,,,,,,,,,,,,,,,,,,,,,,,,,,
2213,PANANIA,PICNIC POINT,,,,,,,,,,,,,,,,,,,,,,,,,,,,,,,,,,,,,,,,,,,,
2214,MILPERRA,,,,,,,,,,,,,,,,,,,,,,,,,,,,,,,,,,,,,,,,,,,,,
2216,ROCKDALE,BRIGHTON-LE-SANDS,,,,,,,,,,,,,,,,,,,,,,,,,,,,,,,,,,,,,,,,,,,,
2217,KOGARAH,SANS SOUCI,RAMSGATE,,,,,,,,,,,,,,,,,,,,,,,,,,,,,,,,,,,,,,,,,,,
2218,CARLTON,,,,,,,,,,,,,,,,,,,,,,,,,,,,,,,,,,,,,,,,,,,,,
2219,SANS SOUCI,,,,,,,,,,,,,,,,,,,,,,,,,,,,,,,,,,,,,,,,,,,,,
2220,HURSTVILLE,,,,,,,,,,,,,,,,,,,,,,,,,,,,,,,,,,,,,,,,,,,,,
2221,BLAKEHURST,SOUTH HURSTVILLE,,,,,,,,,,,,,,,,,,,,,,,,,,,,,,,,,,,,,,,,,,,,
2222,PENSHURST,,,,,,,,,,,,,,,,,,,,,,,,,,,,,,,,,,,,,,,,,,,,,
2223,OATLEY,MORTDALE,,,,,,,,,,,,,,,,,,,,,,,,,,,,,,,,,,,,,,,,,,,,
2224,SYLVANIA,,,,,,,,,,,,,,,,,,,,,,,,,,,,,,,,,,,,,,,,,,,,,
2225,OYSTER BAY,,,,,,,,,,,,,,,,,,,,,,,,,,,,,,,,,,,,,,,,,,,,,
2226,COMO,JANNALI,BONNET BAY,,,,,,,,,,,,,,,,,,,,,,,,,,,,,,,,,,,,,,,,,,,
2227,GYMEA BAY,GYMEA,,,,,,,,,,,,,,,,,,,,,,,,,,,,,,,,,,,,,,,,,,,,
2228,MIRANDA,YOWIE BAY,,,,,,,,,,,,,,,,,,,,,,,,,,,,,,,,,,,,,,,,,,,,
2229,CARINGBAH,TAREN POINT,LILLI PILLI,CARRINGBAH,,,,,,,,,,,,,,,,,,,,,,,,,,,,,,,,,,,,,,,,,,
2230,CRONULLA,BUNDEENA,WOOLOOWARE,,,,,,,,,,,,,,,,,,,,,,,,,,,,,,,,,,,,,,,,,,,
2231,KURNELL,,,,,,,,,,,,,,,,,,,,,,,,,,,,,,,,,,,,,,,,,,,,,
2232,AUDLEY,KIRRAWEE,SUTHERLAND,WORONORA,GRAYS POINT,LOFTUS,KAREELA,,,,,,,,,,,,,,,,,,,,,,,,,,,,,,,,,,,,,,,
2233,ENGADINE,HEATHCOTE,WATERFALL,,,,,,,,,,,,,,,,,,,,,,,,,,,,,,,,,,,,,,,,,,,
2234,MENAI,ILLAWONG,BANGOR,ALFORDS POINT,BARDEN RIDGE,,,,,,,,,,,,,,,,,,,,,,,,,,,,,,,,,,,,,,,,,
2250,KARIONG,GOSFORD,ERINA,WEST GOSFORD,HOLGATE,KULNURA,LISAROW,PEATS RIDGE,POINT CLARE,CENTRAL MANGROVE,EAST GOSFORD,WYOMING,SPRINGFIELD,NIAGARA PARK,NARARA,NORTH GOSFORD,GOSFORD EAST,,,,,,,,,,,,,,,,,,,,,,,,,,,,,
2251,AVOCA BEACH,SARATOGA,KINCUMBER,COPACABANA,GREEN POINT,BENSVILLE,,,,,,,,,,,,,,,,,,,,,,,,,,,,,,,,,,,,,,,,
2256,WOY WOY,WOY WOY SOUTH,,,,,,,,,,,,,,,,,,,,,,,,,,,,,,,,,,,,,,,,,,,,
2257,EMPIRE BAY,ETTALONG BEACH,PRETTY BEACH,UMINA BEACH,,,,,,,,,,,,,,,,,,,,,,,,,,,,,,,,,,,,,,,,,,
2258,OURIMBAH,FOUNTAINDALE,,,,,,,,,,,,,,,,,,,,,,,,,,,,,,,,,,,,,,,,,,,,
2259,WARNERVALE,WYONG,KANWAL,LAKE MUNMORAH,TACOMA,TUGGERAH,WYEE,WYONG CREEK,TUGGERAWONG,HAMLYN TERRACE,MANNERING PARK,GWANDALAN,WOONGARRAH,WADALBA,YARRAMALONG,,,,,,,,,,,,,,,,,,,,,,,,,,,,,,,
2260,TERRIGAL,ERINA HEIGHTS,WAMBERAL,WAMBRAL,,,,,,,,,,,,,,,,,,,,,,,,,,,,,,,,,,,,,,,,,,
2261,BERKELEY VALE,THE ENTRANCE,KILLARNEY VALE,BATEAU BAY,CHITTAWAY BAY,TUMBI UMBI,LONG JETTY,SHELLY BEACH,,,,,,,,,,,,,,,,,,,,,,,,,,,,,,,,,,,,,,
2262,BUDGEWOI,SAN REMO,BLUE HAVEN,,,,,,,,,,,,,,,,,,,,,,,,,,,,,,,,,,,,,,,,,,,
2263,TOUKLEY,GOROKAN,LAKE HAVEN,NORAVILLE,,,,,,,,,,,,,,,,,,,,,,,,,,,,,,,,,,,,,,,,,,
2264,DORA CREEK,BONNELLS BAY,MORISSET,BRIGHTWATERS,,,,,,,,,,,,,,,,,,,,,,,,,,,,,,,,,,,,,,,,,,
2265,COORANBONG,,,,,,,,,,,,,,,,,,,,,,,,,,,,,,,,,,,,,,,,,,,,,
2267,WANGI WANGI,,,,,,,,,,,,,,,,,,,,,,,,,,,,,,,,,,,,,,,,,,,,,
2278,WAKEFIELD,BARNSLEY,,,,,,,,,,,,,,,,,,,,,,,,,,,,,,,,,,,,,,,,,,,,
2280,BELMONT,MARKS POINT,VALENTINE,JEWELLS,BELMONT NORTH,,,,,,,,,,,,,,,,,,,,,,,,,,,,,,,,,,,,,,,,,
2281,PELICAN,NORDS WHARF,SWANSEA,BLACKSMITHS,CAVES BEACH,,,,,,,,,,,,,,,,,,,,,,,,,,,,,,,,,,,,,,,,,
2282,WARNERS BAY,ELEEBANA,,,,,,,,,,,,,,,,,,,,,,,,,,,,,,,,,,,,,,,,,,,,
2283,AWABA,FASSIFERN,RATHMINES,TORONTO,BLACKALLS PARK,COAL POINT,ARCADIA VALE,FENNELL BAY,KILABEN BAY,,,,,,,,,,,,,,,,,,,,,,,,,,,,,,,,,,,,,
2284,BOOLAROO,TERALBA,ARGENTON,SPEERS POINT,BOORAGUL,,,,,,,,,,,,,,,,,,,,,,,,,,,,,,,,,,,,,,,,,
2285,CARDIFF,EDGEWORTH,CARDIFF SOUTH,GLENDALE,,,,,,,,,,,,,,,,,,,,,,,,,,,,,,,,,,,,,,,,,,
2286,WEST WALLSEND,,,,,,,,,,,,,,,,,,,,,,,,,,,,,,,,,,,,,,,,,,,,,
2287,MINMI,WALLSEND,MARYLAND,FLETCHER,,,,,,,,,,,,,,,,,,,,,,,,,,,,,,,,,,,,,,,,,,
2289,KOTARA,ADAMSTOWN,GARDEN SUBURB,KOTARA SOUTH,WARATAH WEST,,,,,,,,,,,,,,,,,,,,,,,,,,,,,,,,,,,,,,,,,
2290,DUDLEY,CHARLESTOWN,REDHEAD,GATESHEAD,KAHIBAH,MOUNT HUTTON,HILLSBOROUGH,WHITEBRIDGE,,,,,,,,,,,,,,,,,,,,,,,,,,,,,,,,,,,,,,
2291,MEREWETHER,MEREWETHER HEIGHTS,MEREWETHER BEACH,,,,,,,,,,,,,,,,,,,,,,,,,,,,,,,,,,,,,,,,,,,
2292,BROADMEADOW,,,,,,,,,,,,,,,,,,,,,,,,,,,,,,,,,,,,,,,,,,,,,
2294,CARRINGTON,,,,,,,,,,,,,,,,,,,,,,,,,,,,,,,,,,,,,,,,,,,,,
2295,STOCKTON,FERN BAY,,,,,,,,,,,,,,,,,,,,,,,,,,,,,,,,,,,,,,,,,,,,
2296,ISLINGTON,,,,,,,,,,,,,,,,,,,,,,,,,,,,,,,,,,,,,,,,,,,,,
2297,TIGHES HILL,,,,,,,,,,,,,,,,,,,,,,,,,,,,,,,,,,,,,,,,,,,,,
2298,WARATAH,WARATAH WEST,,,,,,,,,,,,,,,,,,,,,,,,,,,,,,,,,,,,,,,,,,,,
2299,JESMOND,LAMBTON,,,,,,,,,,,,,,,,,,,,,,,,,,,,,,,,,,,,,,,,,,,,
2300,COOKS HILL,NEWCASTLE,THE HILL,,,,,,,,,,,,,,,,,,,,,,,,,,,,,,,,,,,,,,,,,,,
2303,HAMILTON,GATESHEAD,,,,,,,,,,,,,,,,,,,,,,,,,,,,,,,,,,,,,,,,,,,,
2304,MAYFIELD EAST,MAYFIELD,,,,,,,,,,,,,,,,,,,,,,,,,,,,,,,,,,,,,,,,,,,,
2305,NEW LAMBTON HEIGHTS,NEW LAMBTON,,,,,,,,,,,,,,,,,,,,,,,,,,,,,,,,,,,,,,,,,,,,
2306,WINDALE,,,,,,,,,,,,,,,,,,,,,,,,,,,,,,,,,,,,,,,,,,,,,
2307,SHORTLAND,,,,,,,,,,,,,,,,,,,,,,,,,,,,,,,,,,,,,,,,,,,,,
2311,GRESFORD,,,,,,,,,,,,,,,,,,,,,,,,,,,,,,,,,,,,,,,,,,,,,
2312,NABIAC,,,,,,,,,,,,,,,,,,,,,,,,,,,,,,,,,,,,,,,,,,,,,
2315,SHOAL BAY,NELSON BAY,,,,,,,,,,,,,,,,,,,,,,,,,,,,,,,,,,,,,,,,,,,,
2316,ANNA BAY,BOBS FARM,,,,,,,,,,,,,,,,,,,,,,,,,,,,,,,,,,,,,,,,,,,,
2317,SALAMANDER BAY,SOLDIERS POINT,,,,,,,,,,,,,,,,,,,,,,,,,,,,,,,,,,,,,,,,,,,,
2318,MEDOWIE,SALT ASH,,,,,,,,,,,,,,,,,,,,,,,,,,,,,,,,,,,,,,,,,,,,
2319,TANILBA BAY,,,,,,,,,,,,,,,,,,,,,,,,,,,,,,,,,,,,,,,,,,,,,
2320,LORN,MAITLAND,TELARAH,BOLWARRA,LARGS,RUTHERFORD,,,,,,,,,,,,,,,,,,,,,,,,,,,,,,,,,,,,,,,,
2321,CLARENCE TOWN,GILLIESTON HEIGHTS,HINTON,WOODVILLE,LOCHINVAR,MORPETH,,,,,,,,,,,,,,,,,,,,,,,,,,,,,,,,,,,,,,,,
2322,WOODBERRY,BERESFIELD,BLACK HILL,THORNTON,TARRO,CHISHOLM,,,,,,,,,,,,,,,,,,,,,,,,,,,,,,,,,,,,,,,,
2323,EAST MAITLAND,MULBRING,TENAMBIT,METFORD,ASHTONFIELD,,,,,,,,,,,,,,,,,,,,,,,,,,,,,,,,,,,,,,,,,
2324,KARUAH,MILLERS FOREST,OSTERLEY,RAYMOND TERRACE,SEAHAM,HEATHERBRAE,TEA GARDENS,,,,,,,,,,,,,,,,,,,,,,,,,,,,,,,,,,,,,,,
2325,BELLBIRD,CESSNOCK,CONGEWAI,ELLALONG,KEARSLEY,KITCHENER,LAGUNA,MILLFIELD,NULKABA,PAXTON,CESSNOCK WEST,,,,,,,,,,,,,,,,,,,,,,,,,,,,,,,,,,,
2326,ABERMAIN,WESTON,CARDIFF,,,,,,,,,,,,,,,,,,,,,,,,,,,,,,,,,,,,,,,,,,,
2327,STANFORD MERTHYR,PELAW MAIN,KURRI KURRI,,,,,,,,,,,,,,,,,,,,,,,,,,,,,,,,,,,,,,,,,,,
2328,DENMAN,MARTINDALE,,,,,,,,,,,,,,,,,,,,,,,,,,,,,,,,,,,,,,,,,,,,
2329,CASSILIS,MERRIWA,,,,,,,,,,,,,,,,,,,,,,,,,,,,,,,,,,,,,,,,,,,,
2330,BROKE,JERRYS PLAINS,MILBRODALE,SINGLETON,SINGLETON HEIGHTS,,,,,,,,,,,,,,,,,,,,,,,,,,,,,,,,,,,,,,,,,
2333,SANDY HOLLOW,MUSWELLBROOK,,,,,,,,,,,,,,,,,,,,,,,,,,,,,,,,,,,,,,,,,,,,
2334,GRETA,,,,,,,,,,,,,,,,,,,,,,,,,,,,,,,,,,,,,,,,,,,,,
2335,BRANXTON,LOWER BELFORD,,,,,,,,,,,,,,,,,,,,,,,,,,,,,,,,,,,,,,,,,,,,
2336,ABERDEEN,,,,,,,,,,,,,,,,,,,,,,,,,,,,,,,,,,,,,,,,,,,,,
2337,BELLTREES,ELLERSTON,SCONE,,,,,,,,,,,,,,,,,,,,,,,,,,,,,,,,,,,,,,,,,,,
2338,BLANDFORD,MURRURUNDI,,,,,,,,,,,,,,,,,,,,,,,,,,,,,,,,,,,,,,,,,,,,
2339,WILLOW TREE,,,,,,,,,,,,,,,,,,,,,,,,,,,,,,,,,,,,,,,,,,,,,
2340,TAMWORTH,SOUTH TAMWORTH,TIMBUMBURI,CARROLL,DUNGOWAN,NEMINGHA,NUNDLE,SOMERTON,WEST TAMWORTH,WESTDALE,WOOLOMIN,CALALA,NORTH TAMWORTH,,,,,,,,,,,,,,,,,,,,,,,,,,,,,,,,,
2341,WERRIS CREEK,,,,,,,,,,,,,,,,,,,,,,,,,,,,,,,,,,,,,,,,,,,,,
2342,CURRABUBULA,,,,,,,,,,,,,,,,,,,,,,,,,,,,,,,,,,,,,,,,,,,,,
2343,BLACKVILLE,SPRING RIDGE,CAROONA,WALLABADAH,QUIRINDI,,,,,,,,,,,,,,,,,,,,,,,,,,,,,,,,,,,,,,,,,
2344,DURI,,,,,,,,,,,,,,,,,,,,,,,,,,,,,,,,,,,,,,,,,,,,,
2345,ATTUNGA,,,,,,,,,,,,,,,,,,,,,,,,,,,,,,,,,,,,,,,,,,,,,
2346,MANILLA,,,,,,,,,,,,,,,,,,,,,,,,,,,,,,,,,,,,,,,,,,,,,
2347,BARRABA,,,,,,,,,,,,,,,,,,,,,,,,,,,,,,,,,,,,,,,,,,,,,
2350,ARMIDALE,WOLLOMOMBI,,,,,,,,,,,,,,,,,,,,,,,,,,,,,,,,,,,,,,,,,,,,
2352,KOOTINGAL,,,,,,,,,,,,,,,,,,,,,,,,,,,,,,,,,,,,,,,,,,,,,
2353,MOONBI,,,,,,,,,,,,,,,,,,,,,,,,,,,,,,,,,,,,,,,,,,,,,
2354,KENTUCKY,NIANGALA,NOWENDOC,WALCHA,WOOLBROOK,YARROWITCH,,,,,,,,,,,,,,,,,,,,,,,,,,,,,,,,,,,,,,,,
2355,BENDEMEER,,,,,,,,,,,,,,,,,,,,,,,,,,,,,,,,,,,,,,,,,,,,,
2356,GWABEGAR,,,,,,,,,,,,,,,,,,,,,,,,,,,,,,,,,,,,,,,,,,,,,
2357,COONABARABRAN,,,,,,,,,,,,,,,,,,,,,,,,,,,,,,,,,,,,,,,,,,,,,
2358,KINGSTOWN,URALLA,,,,,,,,,,,,,,,,,,,,,,,,,,,,,,,,,,,,,,,,,,,,
2359,BUNDARRA,,,,,,,,,,,,,,,,,,,,,,,,,,,,,,,,,,,,,,,,,,,,,
2360,GILGAI,GUM FLAT,INVERELL,,,,,,,,,,,,,,,,,,,,,,,,,,,,,,,,,,,,,,,,,,,
2361,ASHFORD,BONSHAW,,,,,,,,,,,,,,,,,,,,,,,,,,,,,,,,,,,,,,,,,,,,
2365,GUYRA,BEN LOMOND,BLACK MOUNTAIN,,,,,,,,,,,,,,,,,,,,,,,,,,,,,,,,,,,,,,,,,,,
2369,TINGHA,,,,,,,,,,,,,,,,,,,,,,,,,,,,,,,,,,,,,,,,,,,,,
2370,GLEN INNES,RED RANGE,,,,,,,,,,,,,,,,,,,,,,,,,,,,,,,,,,,,,,,,,,,,
2371,DEEPWATER,EMMAVILLE,,,,,,,,,,,,,,,,,,,,,,,,,,,,,,,,,,,,,,,,,,,,
2372,TENTERFIELD,,,,,,,,,,,,,,,,,,,,,,,,,,,,,,,,,,,,,,,,,,,,,
2379,MULLALEY,,,,,,,,,,,,,,,,,,,,,,,,,,,,,,,,,,,,,,,,,,,,,
2380,GUNNEDAH,,,,,,,,,,,,,,,,,,,,,,,,,,,,,,,,,,,,,,,,,,,,,
2381,CURLEWIS,PREMER,TAMBAR SPRINGS,,,,,,,,,,,,,,,,,,,,,,,,,,,,,,,,,,,,,,,,,,,
2382,BOGGABRI,MAULES CREEK,,,,,,,,,,,,,,,,,,,,,,,,,,,,,,,,,,,,,,,,,,,,
2386,BURREN JUNCTION,,,,,,,,,,,,,,,,,,,,,,,,,,,,,,,,,,,,,,,,,,,,,
2387,ROWENA,,,,,,,,,,,,,,,,,,,,,,,,,,,,,,,,,,,,,,,,,,,,,
2388,PILLIGA,WEE WAA,,,,,,,,,,,,,,,,,,,,,,,,,,,,,,,,,,,,,,,,,,,,
2390,NARRABRI,,,,,,,,,,,,,,,,,,,,,,,,,,,,,,,,,,,,,,,,,,,,,
2395,BINNAWAY,,,,,,,,,,,,,,,,,,,,,,,,,,,,,,,,,,,,,,,,,,,,,
2396,BARADINE,,,,,,,,,,,,,,,,,,,,,,,,,,,,,,,,,,,,,,,,,,,,,
2397,BELLATA,,,,,,,,,,,,,,,,,,,,,,,,,,,,,,,,,,,,,,,,,,,,,
2399,PALLAMALLAWA,,,,,,,,,,,,,,,,,,,,,,,,,,,,,,,,,,,,,,,,,,,,,
2400,MOREE,TULLOONA,BULLARAH,MOREE EAST,,,,,,,,,,,,,,,,,,,,,,,,,,,,,,,,,,,,,,,,,,
2401,GRAVESEND,,,,,,,,,,,,,,,,,,,,,,,,,,,,,,,,,,,,,,,,,,,,,
2402,WARIALDA,,,,,,,,,,,,,,,,,,,,,,,,,,,,,,,,,,,,,,,,,,,,,
2403,DELUNGRA,,,,,,,,,,,,,,,,,,,,,,,,,,,,,,,,,,,,,,,,,,,,,
2404,BINGARA,,,,,,,,,,,,,,,,,,,,,,,,,,,,,,,,,,,,,,,,,,,,,
2405,BOOMI,GARAH,,,,,,,,,,,,,,,,,,,,,,,,,,,,,,,,,,,,,,,,,,,,
2406,MUNGINDI,,,,,,,,,,,,,,,,,,,,,,,,,,,,,,,,,,,,,,,,,,,,,
2408,NORTH STAR,,,,,,,,,,,,,,,,,,,,,,,,,,,,,,,,,,,,,,,,,,,,,
2409,BOGGABILLA,,,,,,,,,,,,,,,,,,,,,,,,,,,,,,,,,,,,,,,,,,,,,
2410,YETMAN,,,,,,,,,,,,,,,,,,,,,,,,,,,,,,,,,,,,,,,,,,,,,
2411,CROPPA CREEK,,,,,,,,,,,,,,,,,,,,,,,,,,,,,,,,,,,,,,,,,,,,,
2415,STROUD ROAD,,,,,,,,,,,,,,,,,,,,,,,,,,,,,,,,,,,,,,,,,,,,,
2420,DUNGOG,MARTINS CREEK,,,,,,,,,,,,,,,,,,,,,,,,,,,,,,,,,,,,,,,,,,,,
2421,PATERSON,VACY,,,,,,,,,,,,,,,,,,,,,,,,,,,,,,,,,,,,,,,,,,,,
2422,BARRINGTON,STRATFORD,GLOUCESTER,,,,,,,,,,,,,,,,,,,,,,,,,,,,,,,,,,,,,,,,,,,
2423,BULAHDELAH,BUNGWAHL,COOLONGOLOOK,,,,,,,,,,,,,,,,,,,,,,,,,,,,,,,,,,,,,,,,,,,
2424,MOUNT GEORGE,,,,,,,,,,,,,,,,,,,,,,,,,,,,,,,,,,,,,,,,,,,,,
2425,BOORAL,STROUD,,,,,,,,,,,,,,,,,,,,,,,,,,,,,,,,,,,,,,,,,,,,
2426,COOPERNOOK,,,,,,,,,,,,,,,,,,,,,,,,,,,,,,,,,,,,,,,,,,,,,
2427,HARRINGTON,,,,,,,,,,,,,,,,,,,,,,,,,,,,,,,,,,,,,,,,,,,,,
2428,TUNCURRY,BOOMERANG BEACH,FORSTER,,,,,,,,,,,,,,,,,,,,,,,,,,,,,,,,,,,,,,,,,,,
2429,BOBIN,COMBOYNE,ELANDS,KRAMBACH,WINGHAM,,,,,,,,,,,,,,,,,,,,,,,,,,,,,,,,,,,,,,,,,
2430,CUNDLETOWN,LANSDOWNE,UPPER LANSDOWNE,MITCHELLS ISLAND,OLD BAR,OXLEY ISLAND,TAREE,TINONEE,DIAMOND BEACH,,,,,,,,,,,,,,,,,,,,,,,,,,,,,,,,,,,,,
2431,SOUTH WEST ROCKS,,,,,,,,,,,,,,,,,,,,,,,,,,,,,,,,,,,,,,,,,,,,,
2439,KENDALL,,,,,,,,,,,,,,,,,,,,,,,,,,,,,,,,,,,,,,,,,,,,,
2440,BELLBROOK,CRESCENT HEAD,FREDERICKTON,GLADSTONE,WEST KEMPSEY,KEMPSEY,KINCHELA,SMITHTOWN,WILLAWARRIN,YARRAVEL,SOUTH KEMPSEY,,,,,,,,,,,,,,,,,,,,,,,,,,,,,,,,,,,
2441,CROSSMAGLEN,EUNGAI CREEK,ROLLANDS PLAINS,TELEGRAPH POINT,STUARTS POINT,,,,,,,,,,,,,,,,,,,,,,,,,,,,,,,,,,,,,,,,,
2443,HANNAM VALE,HERONS CREEK,JOHNS RIVER,LAURIETON,MOORLAND,NORTH HAVEN,,,,,,,,,,,,,,,,,,,,,,,,,,,,,,,,,,,,,,,,
2444,PORT MACQUARIE,,,,,,,,,,,,,,,,,,,,,,,,,,,,,,,,,,,,,,,,,,,,,
2445,LAKE CATHIE,,,,,,,,,,,,,,,,,,,,,,,,,,,,,,,,,,,,,,,,,,,,,
2446,WAUCHOPE,LONG FLAT,,,,,,,,,,,,,,,,,,,,,,,,,,,,,,,,,,,,,,,,,,,,
2447,MACKSVILLE,MEDLOW,SCOTTS HEAD,,,,,,,,,,,,,,,,,,,,,,,,,,,,,,,,,,,,,,,,,,,
2448,NAMBUCCA HEADS,,,,,,,,,,,,,,,,,,,,,,,,,,,,,,,,,,,,,,,,,,,,,
2449,BOWRAVILLE,,,,,,,,,,,,,,,,,,,,,,,,,,,,,,,,,,,,,,,,,,,,,
2450,BONVILLE,COFFS HARBOUR,BOAMBEE,CORAMBA,GLENREAGH,KARANGI,KORORA,LOWANNA,NANA GLEN,UPPER ORARA,ULONG,,,,,,,,,,,,,,,,,,,,,,,,,,,,,,,,,,,
2452,SAWTELL,TOORMINA,,,,,,,,,,,,,,,,,,,,,,,,,,,,,,,,,,,,,,,,,,,,
2453,CASCADE,DUNDURRABIN,DORRIGO,EBOR,,,,,,,,,,,,,,,,,,,,,,,,,,,,,,,,,,,,,,,,,,
2454,BELLINGEN,RALEIGH,REPTON,THORA,,,,,,,,,,,,,,,,,,,,,,,,,,,,,,,,,,,,,,,,,,
2455,URUNGA,,,,,,,,,,,,,,,,,,,,,,,,,,,,,,,,,,,,,,,,,,,,,
2456,CORINDI BEACH,WOOLGOOLGA,SANDY BEACH,MULLAWAY,,,,,,,,,,,,,,,,,,,,,,,,,,,,,,,,,,,,,,,,,,
2460,SOUTH GRAFTON,CLARENZA,BARYULGIL,COPMANHURST,COUTTS CROSSING,COWPER,GRAFTON,LAWRENCE,NYMBOIDA,CLARENZA VIA GRAFTON,,,,,,,,,,,,,,,,,,,,,,,,,,,,,,,,,,,,
2462,WOOLI,TUCABIA,ULMARRA,,,,,,,,,,,,,,,,,,,,,,,,,,,,,,,,,,,,,,,,,,,
2463,GULMARRAD,PALMERS ISLAND,MACLEAN,TOWNSEND,,,,,,,,,,,,,,,,,,,,,,,,,,,,,,,,,,,,,,,,,,
2464,YAMBA,,,,,,,,,,,,,,,,,,,,,,,,,,,,,,,,,,,,,,,,,,,,,
2465,HARWOOD,,,,,,,,,,,,,,,,,,,,,,,,,,,,,,,,,,,,,,,,,,,,,
2466,ILUKA,,,,,,,,,,,,,,,,,,,,,,,,,,,,,,,,,,,,,,,,,,,,,
2469,BONALBO,CHATSWORTH,DRAKE,MUMMULGUM,OLD BONALBO,RAPPVILLE,TABULAM,,,,,,,,,,,,,,,,,,,,,,,,,,,,,,,,,,,,,,,
2470,CASINO,LEEVILLE,DOUBTFUL CREEK,STRATHEDEN,NORTH CASINO,,,,,,,,,,,,,,,,,,,,,,,,,,,,,,,,,,,,,,,,,
2471,CORAKI,,,,,,,,,,,,,,,,,,,,,,,,,,,,,,,,,,,,,,,,,,,,,
2472,BROADWATER,WOODBURN,,,,,,,,,,,,,,,,,,,,,,,,,,,,,,,,,,,,,,,,,,,,
2473,EVANS HEAD,,,,,,,,,,,,,,,,,,,,,,,,,,,,,,,,,,,,,,,,,,,,,
2474,WADEVILLE,COLLINS CREEK,KYOGLE,THE RISK,RUKENVALE,WIANGAREE,AFTERLEE,,,,,,,,,,,,,,,,,,,,,,,,,,,,,,,,,,,,,,,
2475,URBENVILLE,,,,,,,,,,,,,,,,,,,,,,,,,,,,,,,,,,,,,,,,,,,,,
2476,WOODENBONG,,,,,,,,,,,,,,,,,,,,,,,,,,,,,,,,,,,,,,,,,,,,,
2477,ALSTONVILLE,CABBAGE TREE ISLAND,WARDELL,WOLLONGBAR,,,,,,,,,,,,,,,,,,,,,,,,,,,,,,,,,,,,,,,,,,
2478,BALLINA,EMPIRE VALE,LENNOX HEAD,EAST BALLINA,TINTENBAR,SKENNARS HEAD,,,,,,,,,,,,,,,,,,,,,,,,,,,,,,,,,,,,,,,,
2479,BANGALOW,COORABELL,FERNLEIGH,NEWRYBAR,,,,,,,,,,,,,,,,,,,,,,,,,,,,,,,,,,,,,,,,,,
2480,LISMORE,DORROUGHBY,BEXHILL,BLAKEBROOK,THE CHANNON,CLUNES,COFFEE CAMP,CORNDALE,DUNOON,ELTHAM,EUREKA,GOOLMANGAR,GOONELLABAH,JIGGI,LARNOOK,SOUTH LISMORE,BENTLEY,NIMBIN,WHIAN WHIAN,ROSEBANK,TREGEAGLE,TUNTABLE CREEK,WYRALLAH,LISMORE HEIGHTS,EAST LISMORE,NORTH LISMORE,LISMORE SOUTH,LILLIAN ROCK,RICHMOND HILL,,,,,,,,,,,,,,,,,
2481,BYRON BAY,,,,,,,,,,,,,,,,,,,,,,,,,,,,,,,,,,,,,,,,,,,,,
2482,DURRUMBUL,GOONENGERRY,MULLUMBIMBY,UPPER MAIN ARM,UPPER COOPERS CREEK,,,,,,,,,,,,,,,,,,,,,,,,,,,,,,,,,,,,,,,,,
2483,OCEAN SHORES,BRUNSWICK HEADS,BURRINGBAR,CRABBES CREEK,THE POCKET,,,,,,,,,,,,,,,,,,,,,,,,,,,,,,,,,,,,,,,,,
2484,CHILLINGHAM,CONDONG,CRYSTAL CREEK,DUNGAY,MURWILLUMBAH,STOKERS SIDING,TYALGUM,UKI,SOUTH MURWILLUMBAH,TERRAGON,EUNGELLA,,,,,,,,,,,,,,,,,,,,,,,,,,,,,,,,,,,
2485,TWEED HEADS,,,,,,,,,,,,,,,,,,,,,,,,,,,,,,,,,,,,,,,,,,,,,
2486,TWEED HEADS SOUTH,BANORA POINT,BILAMBIL,CAROOL,TERRANORA,,,,,,,,,,,,,,,,,,,,,,,,,,,,,,,,,,,,,,,,,
2487,CUDGEN,DURANBAH,FINGAL HEAD,KINGSCLIFF,,,,,,,,,,,,,,,,,,,,,,,,,,,,,,,,,,,,,,,,,,
2488,BOGANGAR,,,,,,,,,,,,,,,,,,,,,,,,,,,,,,,,,,,,,,,,,,,,,
2489,POTTSVILLE,,,,,,,,,,,,,,,,,,,,,,,,,,,,,,,,,,,,,,,,,,,,,
2490,TUMBULGUM,,,,,,,,,,,,,,,,,,,,,,,,,,,,,,,,,,,,,,,,,,,,,
2500,WOLLONGONG,CONISTON,KEIRAVILLE,MOUNT KEIRA,GWYNNEVILLE,NORTH WOLLONGONG,WEST WOLLONGONG,WOLLONGONG WEST,,,,,,,,,,,,,,,,,,,,,,,,,,,,,,,,,,,,,,
2502,PRIMBEE,WARRAWONG,LAKE HEIGHTS,CRINGILA,,,,,,,,,,,,,,,,,,,,,,,,,,,,,,,,,,,,,,,,,,
2505,PORT KEMBLA,,,,,,,,,,,,,,,,,,,,,,,,,,,,,,,,,,,,,,,,,,,,,
2506,BERKELEY,,,,,,,,,,,,,,,,,,,,,,,,,,,,,,,,,,,,,,,,,,,,,
2508,HELENSBURGH,OTFORD,STANWELL PARK,DARKES FOREST,,,,,,,,,,,,,,,,,,,,,,,,,,,,,,,,,,,,,,,,,,
2515,AUSTINMER,COLEDALE,SCARBOROUGH,THIRROUL,,,,,,,,,,,,,,,,,,,,,,,,,,,,,,,,,,,,,,,,,,
2516,BULLI,,,,,,,,,,,,,,,,,,,,,,,,,,,,,,,,,,,,,,,,,,,,,
2517,WOONONA,RUSSELL VALE,,,,,,,,,,,,,,,,,,,,,,,,,,,,,,,,,,,,,,,,,,,,
2518,CORRIMAL,TARRAWANNA,BELLAMBI,TOWRADGI,,,,,,,,,,,,,,,,,,,,,,,,,,,,,,,,,,,,,,,,,,
2519,BALGOWNIE,FAIRY MEADOW,MOUNT PLEASANT,MOUNT OUSLEY,,,,,,,,,,,,,,,,,,,,,,,,,,,,,,,,,,,,,,,,,,
2525,FIGTREE,,,,,,,,,,,,,,,,,,,,,,,,,,,,,,,,,,,,,,,,,,,,,
2526,MOUNT KEMBLA,CORDEAUX HEIGHTS,UNANDERRA,FARMBOROUGH HEIGHTS,,,,,,,,,,,,,,,,,,,,,,,,,,,,,,,,,,,,,,,,,,
2527,ALBION PARK,TULLIMBAR,,,,,,,,,,,,,,,,,,,,,,,,,,,,,,,,,,,,,,,,,,,,
2528,WINDANG,LAKE ILLAWARRA,WARILLA,BARRACK HEIGHTS,,,,,,,,,,,,,,,,,,,,,,,,,,,,,,,,,,,,,,,,,,
2529,DUNMORE,SHELLHARBOUR,OAK FLATS,FLINDERS,SHELL COVE,SHELLHARBOUR CITY,,,,,,,,,,,,,,,,,,,,,,,,,,,,,,,,,,,,,,,,
2530,HORSLEY,DAPTO,KANAHOOKA,KOONAWARRA,,,,,,,,,,,,,,,,,,,,,,,,,,,,,,,,,,,,,,,,,,
2533,JAMBEROO,KIAMA,MINNAMURRA,,,,,,,,,,,,,,,,,,,,,,,,,,,,,,,,,,,,,,,,,,,
2534,GERRINGONG,,,,,,,,,,,,,,,,,,,,,,,,,,,,,,,,,,,,,,,,,,,,,
2535,BERRY,SHOALHAVEN HEADS,,,,,,,,,,,,,,,,,,,,,,,,,,,,,,,,,,,,,,,,,,,,
2536,SURFSIDE,MOGO,BATEHAVEN,,,,,,,,,,,,,,,,,,,,,,,,,,,,,,,,,,,,,,,,,,,
2537,MORUYA,BROULEE,,,,,,,,,,,,,,,,,,,,,,,,,,,,,,,,,,,,,,,,,,,,
2538,MILTON,,,,,,,,,,,,,,,,,,,,,,,,,,,,,,,,,,,,,,,,,,,,,
2539,ULLADULLA,,,,,,,,,,,,,,,,,,,,,,,,,,,,,,,,,,,,,,,,,,,,,
2540,CAMBEWARRA,FALLS CREEK,HUSKISSON,TERARA,TOMERONG,SUSSEX INLET,BASIN VIEW,GREENWELL POINT,SANCTUARY POINT,CULBURRA BEACH,VINCENTIA,CALLALA BAY,JERVIS BAY,,,,,,,,,,,,,,,,,,,,,,,,,,,,,,,,,
2541,BOMADERRY,NOWRA,NORTH NOWRA,NOWRA EAST,,,,,,,,,,,,,,,,,,,,,,,,,,,,,,,,,,,,,,,,,,
2545,BODALLA,,,,,,,,,,,,,,,,,,,,,,,,,,,,,,,,,,,,,,,,,,,,,
2546,BERMAGUI,NAROOMA,CENTRAL TILBA,,,,,,,,,,,,,,,,,,,,,,,,,,,,,,,,,,,,,,,,,,,
2548,MERIMBULA,,,,,,,,,,,,,,,,,,,,,,,,,,,,,,,,,,,,,,,,,,,,,
2549,PAMBULA,PAMBULA BEACH,,,,,,,,,,,,,,,,,,,,,,,,,,,,,,,,,,,,,,,,,,,,
2550,KALARU,BEGA,BEMBOKA,CANDELO,COBARGO,QUAAMA,TANJA,TATHRA,TOWAMBA,WOLUMLA,WYNDHAM,,,,,,,,,,,,,,,,,,,,,,,,,,,,,,,,,,,
2551,EDEN,,,,,,,,,,,,,,,,,,,,,,,,,,,,,,,,,,,,,,,,,,,,,
2556,BRINGELLY,,,,,,,,,,,,,,,,,,,,,,,,,,,,,,,,,,,,,,,,,,,,,
2557,ROSSMORE,GREGORY HILLS,,,,,,,,,,,,,,,,,,,,,,,,,,,,,,,,,,,,,,,,,,,,
2558,EAGLE VALE,ESCHOL PARK,KEARNS,,,,,,,,,,,,,,,,,,,,,,,,,,,,,,,,,,,,,,,,,,,
2559,CLAYMORE,BLAIRMOUNT,,,,,,,,,,,,,,,,,,,,,,,,,,,,,,,,,,,,,,,,,,,,
2560,CAMPBELLTOWN,APPIN,LEUMEAH,BRADBURY,AIRDS,RUSE,AMBARVALE,ROSEMEADOW,ST HELENS PARK,,,,,,,,,,,,,,,,,,,,,,,,,,,,,,,,,,,,,
2563,MENANGLE PARK,,,,,,,,,,,,,,,,,,,,,,,,,,,,,,,,,,,,,,,,,,,,,
2564,MACQUARIE FIELDS,,,,,,,,,,,,,,,,,,,,,,,,,,,,,,,,,,,,,,,,,,,,,
2565,INGLEBURN,BARDIA,,,,,,,,,,,,,,,,,,,,,,,,,,,,,,,,,,,,,,,,,,,,
2566,MINTO,ST ANDREWS,RABY,VARROVILLE,,,,,,,,,,,,,,,,,,,,,,,,,,,,,,,,,,,,,,,,,,
2567,NARELLAN,MOUNT ANNAN,NARELLAN VALE,CURRANS HILL,HARRINGTON PARK,,,,,,,,,,,,,,,,,,,,,,,,,,,,,,,,,,,,,,,,,
2568,MENANGLE,,,,,,,,,,,,,,,,,,,,,,,,,,,,,,,,,,,,,,,,,,,,,
2569,DOUGLAS PARK,,,,,,,,,,,,,,,,,,,,,,,,,,,,,,,,,,,,,,,,,,,,,
2570,OAKDALE,CAMDEN,COBBITTY,THE OAKS,ELDERSLIE,ORAN PARK,SPRING FARM,,,,,,,,,,,,,,,,,,,,,,,,,,,,,,,,,,,,,,,
2571,BUXTON,PICTON,WILTON,,,,,,,,,,,,,,,,,,,,,,,,,,,,,,,,,,,,,,,,,,,
2572,THIRLMERE,,,,,,,,,,,,,,,,,,,,,,,,,,,,,,,,,,,,,,,,,,,,,
2573,TAHMOOR,,,,,,,,,,,,,,,,,,,,,,,,,,,,,,,,,,,,,,,,,,,,,
2574,BARGO,YANDERRA,,,,,,,,,,,,,,,,,,,,,,,,,,,,,,,,,,,,,,,,,,,,
2575,COLO VALE,HILL TOP,MITTAGONG,,,,,,,,,,,,,,,,,,,,,,,,,,,,,,,,,,,,,,,,,,,
2576,BOWRAL,GLENQUARRY,KANGALOON,BURRADOO,,,,,,,,,,,,,,,,,,,,,,,,,,,,,,,,,,,,,,,,,,
2577,MOSS VALE,KANGAROO VALLEY,AVOCA,BERRIMA,BURRAWANG,ROBERTSON,,,,,,,,,,,,,,,,,,,,,,,,,,,,,,,,,,,,,,,,
2578,BUNDANOON,,,,,,,,,,,,,,,,,,,,,,,,,,,,,,,,,,,,,,,,,,,,,
2579,EXETER,MARULAN,PENROSE,TALLONG,WINGELLO,,,,,,,,,,,,,,,,,,,,,,,,,,,,,,,,,,,,,,,,,
2580,GOULBURN,GOULBURN NORTH,TARAGO,TARALGA,,,,,,,,,,,,,,,,,,,,,,,,,,,,,,,,,,,,,,,,,,
2581,BREADALBANE,COLLECTOR,DALTON,GUNNING,,,,,,,,,,,,,,,,,,,,,,,,,,,,,,,,,,,,,,,,,,
2582,BOWNING,WEE JASPER,YASS,,,,,,,,,,,,,,,,,,,,,,,,,,,,,,,,,,,,,,,,,,,
2583,RUGBY,BIGGA,BINDA,CROOKWELL,LAGGAN,,,,,,,,,,,,,,,,,,,,,,,,,,,,,,,,,,,,,,,,,
2584,BINALONG,,,,,,,,,,,,,,,,,,,,,,,,,,,,,,,,,,,,,,,,,,,,,
2586,MURRINGO,BOOROWA,RYE PARK,,,,,,,,,,,,,,,,,,,,,,,,,,,,,,,,,,,,,,,,,,,
2587,MURRUMBURRAH,WOMBAT,HARDEN,,,,,,,,,,,,,,,,,,,,,,,,,,,,,,,,,,,,,,,,,,,
2588,WALLENDBEEN,,,,,,,,,,,,,,,,,,,,,,,,,,,,,,,,,,,,,,,,,,,,,
2590,COOTAMUNDRA,ILLABO,,,,,,,,,,,,,,,,,,,,,,,,,,,,,,,,,,,,,,,,,,,,
2594,BRIBBAREE,MAIMURU,MONTEAGLE,YOUNG,,,,,,,,,,,,,,,,,,,,,,,,,,,,,,,,,,,,,,,,,,
2600,DEAKIN,BARTON,YARRALUMLA,,,,,,,,,,,,,,,,,,,,,,,,,,,,,,,,,,,,,,,,,,,
2602,O'CONNOR,DICKSON,LYNEHAM,WATSON,AINSLIE,HACKETT,,,,,,,,,,,,,,,,,,,,,,,,,,,,,,,,,,,,,,,,
2603,GRIFFITH,RED HILL,FORREST,,,,,,,,,,,,,,,,,,,,,,,,,,,,,,,,,,,,,,,,,,,
2604,NARRABUNDAH,,,,,,,,,,,,,,,,,,,,,,,,,,,,,,,,,,,,,,,,,,,,,
2605,CURTIN,GARRAN,HUGHES,,,,,,,,,,,,,,,,,,,,,,,,,,,,,,,,,,,,,,,,,,,
2606,LYONS,PHILLIP,,,,,,,,,,,,,,,,,,,,,,,,,,,,,,,,,,,,,,,,,,,,
2607,PEARCE,FARRER,MAWSON,TORRENS,,,,,,,,,,,,,,,,,,,,,,,,,,,,,,,,,,,,,,,,,,
2611,WARAMANGA,CHAPMAN,DUFFY,HOLDER,WESTON,COOMBS,,,,,,,,,,,,,,,,,,,,,,,,,,,,,,,,,,,,,,,,
2612,CAMPBELL,BRADDON,TURNER,,,,,,,,,,,,,,,,,,,,,,,,,,,,,,,,,,,,,,,,,,,
2614,HAWKER,SCULLIN,ARANDA,MACQUARIE,WEETANGERA,PAGE,,,,,,,,,,,,,,,,,,,,,,,,,,,,,,,,,,,,,,,,
2615,CHARNWOOD,FLOREY,FRASER,LATHAM,MACGREGOR,MELBA,HOLT,SPENCE,,,,,,,,,,,,,,,,,,,,,,,,,,,,,,,,,,,,,,
2616,BELCONNEN,,,,,,,,,,,,,,,,,,,,,,,,,,,,,,,,,,,,,,,,,,,,,
2617,EVATT,GIRALANG,KALEEN,BRUCE,,,,,,,,,,,,,,,,,,,,,,,,,,,,,,,,,,,,,,,,,,
2619,JERRABOMBERRA,,,,,,,,,,,,,,,,,,,,,,,,,,,,,,,,,,,,,,,,,,,,,
2620,QUEANBEYAN,GUNDAROO,MICHELAGO,SUTTON,GOOGONG,,,,,,,,,,,,,,,,,,,,,,,,,,,,,,,,,,,,,,,,,
2621,BUNGENDORE,,,,,,,,,,,,,,,,,,,,,,,,,,,,,,,,,,,,,,,,,,,,,
2622,BRAIDWOOD,,,,,,,,,,,,,,,,,,,,,,,,,,,,,,,,,,,,,,,,,,,,,
2623,CAPTAINS FLAT,,,,,,,,,,,,,,,,,,,,,,,,,,,,,,,,,,,,,,,,,,,,,
2626,BREDBO,,,,,,,,,,,,,,,,,,,,,,,,,,,,,,,,,,,,,,,,,,,,,
2627,JINDABYNE,,,,,,,,,,,,,,,,,,,,,,,,,,,,,,,,,,,,,,,,,,,,,
2628,BERRIDALE,DALGETY,,,,,,,,,,,,,,,,,,,,,,,,,,,,,,,,,,,,,,,,,,,,
2629,CABRAMURRA,ADAMINABY,,,,,,,,,,,,,,,,,,,,,,,,,,,,,,,,,,,,,,,,,,,,
2630,COOMA,JERANGLE,COOMA NORTH,,,,,,,,,,,,,,,,,,,,,,,,,,,,,,,,,,,,,,,,,,,
2631,NIMMITABEL,,,,,,,,,,,,,,,,,,,,,,,,,,,,,,,,,,,,,,,,,,,,,
2632,BOMBALA,,,,,,,,,,,,,,,,,,,,,,,,,,,,,,,,,,,,,,,,,,,,,
2633,DELEGATE,,,,,,,,,,,,,,,,,,,,,,,,,,,,,,,,,,,,,,,,,,,,,
2640,ALBURY,THURGOONA,TABLE TOP,NORTH ALBURY,,,,,,,,,,,,,,,,,,,,,,,,,,,,,,,,,,,,,,,,,,
2641,LAVINGTON,,,,,,,,,,,,,,,,,,,,,,,,,,,,,,,,,,,,,,,,,,,,,
2642,JINDERA,BROCKLESBY,BURRUMBUTTOCK,GEROGERY,RAND,WALBUNDRIE,YERONG CREEK,KHANCOBAN,,,,,,,,,,,,,,,,,,,,,,,,,,,,,,,,,,,,,,
2643,HOWLONG,,,,,,,,,,,,,,,,,,,,,,,,,,,,,,,,,,,,,,,,,,,,,
2644,HOLBROOK,MULLENGANDRA,,,,,,,,,,,,,,,,,,,,,,,,,,,,,,,,,,,,,,,,,,,,
2645,URANA,,,,,,,,,,,,,,,,,,,,,,,,,,,,,,,,,,,,,,,,,,,,,
2646,COROWA,LOWESDALE,OAKLANDS,SAVERNAKE,,,,,,,,,,,,,,,,,,,,,,,,,,,,,,,,,,,,,,,,,,
2647,MULWALA,,,,,,,,,,,,,,,,,,,,,,,,,,,,,,,,,,,,,,,,,,,,,
2648,POMONA,WENTWORTH,,,,,,,,,,,,,,,,,,,,,,,,,,,,,,,,,,,,,,,,,,,,
2650,WAGGA WAGGA,COLLINGULLIE,LAKE ALBERT,MOUNT AUSTIN,KOORINGAL,ASHMONT,TOLLAND,,,,,,,,,,,,,,,,,,,,,,,,,,,,,,,,,,,,,,,
2651,FOREST HILL,,,,,,,,,,,,,,,,,,,,,,,,,,,,,,,,,,,,,,,,,,,,,
2652,BOREE CREEK,URANQUINTY,GOOLGOWI,HUMULA,LADYSMITH,MARRAR,MATONG,ROSEWOOD,TARCUTTA,,,,,,,,,,,,,,,,,,,,,,,,,,,,,,,,,,,,,
2653,TUMBARUMBA,,,,,,,,,,,,,,,,,,,,,,,,,,,,,,,,,,,,,,,,,,,,,
2655,THE ROCK,,,,,,,,,,,,,,,,,,,,,,,,,,,,,,,,,,,,,,,,,,,,,
2656,LOCKHART,,,,,,,,,,,,,,,,,,,,,,,,,,,,,,,,,,,,,,,,,,,,,
2658,HENTY,PLEASANT HILLS,,,,,,,,,,,,,,,,,,,,,,,,,,,,,,,,,,,,,,,,,,,,
2659,WALLA WALLA,,,,,,,,,,,,,,,,,,,,,,,,,,,,,,,,,,,,,,,,,,,,,
2660,CULCAIRN,,,,,,,,,,,,,,,,,,,,,,,,,,,,,,,,,,,,,,,,,,,,,
2661,KAPOOKA,,,,,,,,,,,,,,,,,,,,,,,,,,,,,,,,,,,,,,,,,,,,,
2663,EURONGILLY,JUNEE,,,,,,,,,,,,,,,,,,,,,,,,,,,,,,,,,,,,,,,,,,,,
2665,ARDLETHAN,ARIAH PARK,BARELLAN,BECKOM,BINYA,,,,,,,,,,,,,,,,,,,,,,,,,,,,,,,,,,,,,,,,,
2666,TEMORA,,,,,,,,,,,,,,,,,,,,,,,,,,,,,,,,,,,,,,,,,,,,,
2668,BARMEDMAN,,,,,,,,,,,,,,,,,,,,,,,,,,,,,,,,,,,,,,,,,,,,,
2669,NARADHAN,RANKINS SPRINGS,TALLIMBA,TULLIBIGEAL,UNGARIE,WEETHALLE,,,,,,,,,,,,,,,,,,,,,,,,,,,,,,,,,,,,,,,,
2671,WYALONG,WEST WYALONG,,,,,,,,,,,,,,,,,,,,,,,,,,,,,,,,,,,,,,,,,,,,
2672,LAKE CARGELLIGO,,,,,,,,,,,,,,,,,,,,,,,,,,,,,,,,,,,,,,,,,,,,,
2675,HILLSTON,,,,,,,,,,,,,,,,,,,,,,,,,,,,,,,,,,,,,,,,,,,,,
2680,BEELBANGERA,GRIFFITH,HANWOOD,LAKE WYANGAN,THARBOGANG,YOOGALI,,,,,,,,,,,,,,,,,,,,,,,,,,,,,,,,,,,,,,,,
2681,YENDA,,,,,,,,,,,,,,,,,,,,,,,,,,,,,,,,,,,,,,,,,,,,,
2700,NARRANDERA,,,,,,,,,,,,,,,,,,,,,,,,,,,,,,,,,,,,,,,,,,,,,
2701,COOLAMON,,,,,,,,,,,,,,,,,,,,,,,,,,,,,,,,,,,,,,,,,,,,,
2702,GANMAIN,,,,,,,,,,,,,,,,,,,,,,,,,,,,,,,,,,,,,,,,,,,,,
2703,YANCO,,,,,,,,,,,,,,,,,,,,,,,,,,,,,,,,,,,,,,,,,,,,,
2705,LEETON,WHITTON,,,,,,,,,,,,,,,,,,,,,,,,,,,,,,,,,,,,,,,,,,,,
2706,DARLINGTON POINT,,,,,,,,,,,,,,,,,,,,,,,,,,,,,,,,,,,,,,,,,,,,,
2707,COLEAMBALLY,,,,,,,,,,,,,,,,,,,,,,,,,,,,,,,,,,,,,,,,,,,,,
2710,CONARGO,MATHOURA,DENILIQUIN,WAKOOL,,,,,,,,,,,,,,,,,,,,,,,,,,,,,,,,,,,,,,,,,,
2711,BOOLIGAL,CARRATHOOL,HAY,CLARE,,,,,,,,,,,,,,,,,,,,,,,,,,,,,,,,,,,,,,,,,,
2712,BERRIGAN,,,,,,,,,,,,,,,,,,,,,,,,,,,,,,,,,,,,,,,,,,,,,
2713,BLIGHTY,FINLEY,,,,,,,,,,,,,,,,,,,,,,,,,,,,,,,,,,,,,,,,,,,,
2714,TOCUMWAL,,,,,,,,,,,,,,,,,,,,,,,,,,,,,,,,,,,,,,,,,,,,,
2715,BALRANALD,,,,,,,,,,,,,,,,,,,,,,,,,,,,,,,,,,,,,,,,,,,,,
2716,JERILDERIE,,,,,,,,,,,,,,,,,,,,,,,,,,,,,,,,,,,,,,,,,,,,,
2717,DARETON,,,,,,,,,,,,,,,,,,,,,,,,,,,,,,,,,,,,,,,,,,,,,
2720,TUMUT,TALBINGO,,,,,,,,,,,,,,,,,,,,,,,,,,,,,,,,,,,,,,,,,,,,
2721,QUANDIALLA,,,,,,,,,,,,,,,,,,,,,,,,,,,,,,,,,,,,,,,,,,,,,
2722,BRUNGLE,GUNDAGAI,SOUTH GUNDAGAI,NANGUS,,,,,,,,,,,,,,,,,,,,,,,,,,,,,,,,,,,,,,,,,,
2725,STOCKINBINGAL,,,,,,,,,,,,,,,,,,,,,,,,,,,,,,,,,,,,,,,,,,,,,
2726,JUGIONG,,,,,,,,,,,,,,,,,,,,,,,,,,,,,,,,,,,,,,,,,,,,,
2727,ADJUNGBILLY,,,,,,,,,,,,,,,,,,,,,,,,,,,,,,,,,,,,,,,,,,,,,
2729,ADELONG,,,,,,,,,,,,,,,,,,,,,,,,,,,,,,,,,,,,,,,,,,,,,
2730,BATLOW,,,,,,,,,,,,,,,,,,,,,,,,,,,,,,,,,,,,,,,,,,,,,
2731,BUNNALOO,MOAMA,,,,,,,,,,,,,,,,,,,,,,,,,,,,,,,,,,,,,,,,,,,,
2732,BARHAM,,,,,,,,,,,,,,,,,,,,,,,,,,,,,,,,,,,,,,,,,,,,,
2733,MOULAMEIN,,,,,,,,,,,,,,,,,,,,,,,,,,,,,,,,,,,,,,,,,,,,,
2736,TOOLEYBUC,,,,,,,,,,,,,,,,,,,,,,,,,,,,,,,,,,,,,,,,,,,,,
2737,EUSTON,,,,,,,,,,,,,,,,,,,,,,,,,,,,,,,,,,,,,,,,,,,,,
2738,GOL GOL,,,,,,,,,,,,,,,,,,,,,,,,,,,,,,,,,,,,,,,,,,,,,
2739,BURONGA,,,,,,,,,,,,,,,,,,,,,,,,,,,,,,,,,,,,,,,,,,,,,
2745,LUDDENHAM,MULGOA,REGENTVILLE,WALLACIA,GLENMORE PARK,,,,,,,,,,,,,,,,,,,,,,,,,,,,,,,,,,,,,,,,,
2747,WERRINGTON,KINGSWOOD,LLANDILO,CAMBRIDGE PARK,CLAREMONT MEADOWS,LUDDENHAM,,,,,,,,,,,,,,,,,,,,,,,,,,,,,,,,,,,,,,,,
2748,ORCHARD HILLS,,,,,,,,,,,,,,,,,,,,,,,,,,,,,,,,,,,,,,,,,,,,,
2749,CRANEBROOK,CASTLEREAGH,,,,,,,,,,,,,,,,,,,,,,,,,,,,,,,,,,,,,,,,,,,,
2750,PENRITH,EMU PLAINS,SOUTH PENRITH,,,,,,,,,,,,,,,,,,,,,,,,,,,,,,,,,,,,,,,,,,,
2752,WARRAGAMBA,,,,,,,,,,,,,,,,,,,,,,,,,,,,,,,,,,,,,,,,,,,,,
2753,LONDONDERRY,RICHMOND,HOBARTVILLE,GROSE VALE,,,,,,,,,,,,,,,,,,,,,,,,,,,,,,,,,,,,,,,,,,
2754,NORTH RICHMOND,,,,,,,,,,,,,,,,,,,,,,,,,,,,,,,,,,,,,,,,,,,,,
2756,SACKVILLE NORTH,COLO HEIGHTS,CATTAI,EBENEZER,FREEMANS REACH,GLOSSODIA,MAROOTA,PITT TOWN,WILBERFORCE,WINDSOR,SOUTH WINDSOR,BLIGH PARK,MCGRATHS HILL,,,,,,,,,,,,,,,,,,,,,,,,,,,,,,,,,
2757,KURMOND,,,,,,,,,,,,,,,,,,,,,,,,,,,,,,,,,,,,,,,,,,,,,
2758,BILPIN,KURRAJONG,EAST KURRAJONG,KURRAJONG HILLS,,,,,,,,,,,,,,,,,,,,,,,,,,,,,,,,,,,,,,,,,,
2759,ST CLAIR,ERSKINE PARK,KEMPS CREEK,,,,,,,,,,,,,,,,,,,,,,,,,,,,,,,,,,,,,,,,,,,
2760,ST MARYS,NORTH ST MARYS,COLYTON,ROPES CROSSING,,,,,,,,,,,,,,,,,,,,,,,,,,,,,,,,,,,,,,,,,,
2761,PLUMPTON,DEAN PARK,HASSALL GROVE,GLENDENNING,OAKHURST,,,,,,,,,,,,,,,,,,,,,,,,,,,,,,,,,,,,,,,,,
2762,SCHOFIELDS,,,,,,,,,,,,,,,,,,,,,,,,,,,,,,,,,,,,,,,,,,,,,
2763,QUAKERS HILL,ACACIA GARDENS,,,,,,,,,,,,,,,,,,,,,,,,,,,,,,,,,,,,,,,,,,,,
2765,RIVERSTONE,MARAYLYA,MARSDEN PARK,OAKVILLE,VINEYARD,,,,,,,,,,,,,,,,,,,,,,,,,,,,,,,,,,,,,,,,,
2766,EASTERN CREEK,ROOTY HILL,,,,,,,,,,,,,,,,,,,,,,,,,,,,,,,,,,,,,,,,,,,,
2767,DOONSIDE,,,,,,,,,,,,,,,,,,,,,,,,,,,,,,,,,,,,,,,,,,,,,
2768,GLENWOOD,STANHOPE GARDENS,,,,,,,,,,,,,,,,,,,,,,,,,,,,,,,,,,,,,,,,,,,,
2769,THE PONDS,,,,,,,,,,,,,,,,,,,,,,,,,,,,,,,,,,,,,,,,,,,,,
2770,MOUNT DRUITT,HEBERSHAM,WHALAN,TREGEAR,LETHBRIDGE PARK,EMERTON,DHARRUK,BLACKETT,WILLMOT,SHALVEY,BIDWILL,MINCHINBURY,MT DRUITT SOUTH,,,,,,,,,,,,,,,,,,,,,,,,,,,,,,,,,
2773,GLENBROOK,,,,,,,,,,,,,,,,,,,,,,,,,,,,,,,,,,,,,,,,,,,,,
2774,BLAXLAND,WARRIMOO,BLAXLAND EAST,MOUNT RIVERVIEW,,,,,,,,,,,,,,,,,,,,,,,,,,,,,,,,,,,,,,,,,,
2775,CENTRAL MACDONALD,WISEMANS FERRY,,,,,,,,,,,,,,,,,,,,,,,,,,,,,,,,,,,,,,,,,,,,
2776,FAULCONBRIDGE,,,,,,,,,,,,,,,,,,,,,,,,,,,,,,,,,,,,,,,,,,,,,
2777,VALLEY HEIGHTS,SPRINGWOOD,WINMALEE,,,,,,,,,,,,,,,,,,,,,,,,,,,,,,,,,,,,,,,,,,,
2779,HAZELBROOK,,,,,,,,,,,,,,,,,,,,,,,,,,,,,,,,,,,,,,,,,,,,,
2780,LEURA,KATOOMBA,,,,,,,,,,,,,,,,,,,,,,,,,,,,,,,,,,,,,,,,,,,,
2782,WENTWORTH FALLS,,,,,,,,,,,,,,,,,,,,,,,,,,,,,,,,,,,,,,,,,,,,,
2783,LAWSON,,,,,,,,,,,,,,,,,,,,,,,,,,,,,,,,,,,,,,,,,,,,,
2785,BLACKHEATH,MEGALONG VALLEY,,,,,,,,,,,,,,,,,,,,,,,,,,,,,,,,,,,,,,,,,,,,
2786,MOUNT VICTORIA,,,,,,,,,,,,,,,,,,,,,,,,,,,,,,,,,,,,,,,,,,,,,
2787,OBERON,BLACK SPRINGS,,,,,,,,,,,,,,,,,,,,,,,,,,,,,,,,,,,,,,,,,,,,
2790,LITHGOW,CULLEN BULLEN,HAMPTON,,,,,,,,,,,,,,,,,,,,,,,,,,,,,,,,,,,,,,,,,,,
2791,CARCOAR,,,,,,,,,,,,,,,,,,,,,,,,,,,,,,,,,,,,,,,,,,,,,
2792,MANDURAMA,,,,,,,,,,,,,,,,,,,,,,,,,,,,,,,,,,,,,,,,,,,,,
2793,WOODSTOCK,,,,,,,,,,,,,,,,,,,,,,,,,,,,,,,,,,,,,,,,,,,,,
2794,COWRA,,,,,,,,,,,,,,,,,,,,,,,,,,,,,,,,,,,,,,,,,,,,,
2795,SOFALA,BATHURST,EGLINTON,KELSO,MEADOW FLAT,O'CONNELL,PERTHVILLE,RAGLAN,ROCKLEY,TRUNKEY CREEK,WATTLE FLAT,SOUTH BATHURST,MITCHELL,,,,,,,,,,,,,,,,,,,,,,,,,,,,,,,,,
2797,LYNDHURST,,,,,,,,,,,,,,,,,,,,,,,,,,,,,,,,,,,,,,,,,,,,,
2798,MILLTHORPE,SPRING TERRACE,,,,,,,,,,,,,,,,,,,,,,,,,,,,,,,,,,,,,,,,,,,,
2799,BLAYNEY,NEVILLE,,,,,,,,,,,,,,,,,,,,,,,,,,,,,,,,,,,,,,,,,,,,
2800,ORANGE,CARGO,MULLION CREEK,CLERGATE,NASHDALE,SPRING HILL,BORENORE,ORANGE EAST,,,,,,,,,,,,,,,,,,,,,,,,,,,,,,,,,,,,,,
2804,CANOWINDRA,,,,,,,,,,,,,,,,,,,,,,,,,,,,,,,,,,,,,,,,,,,,,
2805,GOOLOOGONG,,,,,,,,,,,,,,,,,,,,,,,,,,,,,,,,,,,,,,,,,,,,,
2806,EUGOWRA,,,,,,,,,,,,,,,,,,,,,,,,,,,,,,,,,,,,,,,,,,,,,
2807,KOORAWATHA,,,,,,,,,,,,,,,,,,,,,,,,,,,,,,,,,,,,,,,,,,,,,
2808,WYANGALA,,,,,,,,,,,,,,,,,,,,,,,,,,,,,,,,,,,,,,,,,,,,,
2809,GREENETHORPE,,,,,,,,,,,,,,,,,,,,,,,,,,,,,,,,,,,,,,,,,,,,,
2810,CARAGABAL,GRENFELL,,,,,,,,,,,,,,,,,,,,,,,,,,,,,,,,,,,,,,,,,,,,
2817,TOORAWEENAH,,,,,,,,,,,,,,,,,,,,,,,,,,,,,,,,,,,,,,,,,,,,,
2818,GEURIE,,,,,,,,,,,,,,,,,,,,,,,,,,,,,,,,,,,,,,,,,,,,,
2820,MUMBIL,STUART TOWN,WELLINGTON,,,,,,,,,,,,,,,,,,,,,,,,,,,,,,,,,,,,,,,,,,,
2821,NARROMINE,,,,,,,,,,,,,,,,,,,,,,,,,,,,,,,,,,,,,,,,,,,,,
2822,EUMUNGERIE,,,,,,,,,,,,,,,,,,,,,,,,,,,,,,,,,,,,,,,,,,,,,
2823,TRANGIE,,,,,,,,,,,,,,,,,,,,,,,,,,,,,,,,,,,,,,,,,,,,,
2824,WARREN,,,,,,,,,,,,,,,,,,,,,,,,,,,,,,,,,,,,,,,,,,,,,
2825,NYNGAN,,,,,,,,,,,,,,,,,,,,,,,,,,,,,,,,,,,,,,,,,,,,,
2827,GILGANDRA,,,,,,,,,,,,,,,,,,,,,,,,,,,,,,,,,,,,,,,,,,,,,
2828,GULARGAMBONE,,,,,,,,,,,,,,,,,,,,,,,,,,,,,,,,,,,,,,,,,,,,,
2829,COONAMBLE,,,,,,,,,,,,,,,,,,,,,,,,,,,,,,,,,,,,,,,,,,,,,
2830,DUBBO,BALLIMORE,DUBBO WEST,,,,,,,,,,,,,,,,,,,,,,,,,,,,,,,,,,,,,,,,,,,
2831,CARINDA,GIRILAMBONE,HERMIDALE,QUAMBONE,WONGARBON,,,,,,,,,,,,,,,,,,,,,,,,,,,,,,,,,,,,,,,,,
2832,WALGETT,,,,,,,,,,,,,,,,,,,,,,,,,,,,,,,,,,,,,,,,,,,,,
2833,COLLARENEBRI,,,,,,,,,,,,,,,,,,,,,,,,,,,,,,,,,,,,,,,,,,,,,
2834,LIGHTNING RIDGE,,,,,,,,,,,,,,,,,,,,,,,,,,,,,,,,,,,,,,,,,,,,,
2835,COBAR,,,,,,,,,,,,,,,,,,,,,,,,,,,,,,,,,,,,,,,,,,,,,
2836,WILCANNIA,WHITE CLIFFS,,,,,,,,,,,,,,,,,,,,,,,,,,,,,,,,,,,,,,,,,,,,
2838,GOODOOGA,,,,,,,,,,,,,,,,,,,,,,,,,,,,,,,,,,,,,,,,,,,,,
2839,BREWARRINA,WEILMORINGLE,GONGOLGON,,,,,,,,,,,,,,,,,,,,,,,,,,,,,,,,,,,,,,,,,,,
2840,BOURKE,WANAARING,LOUTH,ENNGONIA,,,,,,,,,,,,,,,,,,,,,,,,,,,,,,,,,,,,,,,,,,
2842,MENDOORAN,,,,,,,,,,,,,,,,,,,,,,,,,,,,,,,,,,,,,,,,,,,,,
2843,COOLAH,,,,,,,,,,,,,,,,,,,,,,,,,,,,,,,,,,,,,,,,,,,,,
2844,DUNEDOO,,,,,,,,,,,,,,,,,,,,,,,,,,,,,,,,,,,,,,,,,,,,,
2845,WALLERAWANG,,,,,,,,,,,,,,,,,,,,,,,,,,,,,,,,,,,,,,,,,,,,,
2846,CAPERTEE,,,,,,,,,,,,,,,,,,,,,,,,,,,,,,,,,,,,,,,,,,,,,
2847,PORTLAND,,,,,,,,,,,,,,,,,,,,,,,,,,,,,,,,,,,,,,,,,,,,,
2848,KANDOS,,,,,,,,,,,,,,,,,,,,,,,,,,,,,,,,,,,,,,,,,,,,,
2849,RYLSTONE,GLEN ALICE,,,,,,,,,,,,,,,,,,,,,,,,,,,,,,,,,,,,,,,,,,,,
2850,HARGRAVES,HILL END,ILFORD,LUE,MUDGEE,ULAN,WOLLAR,,,,,,,,,,,,,,,,,,,,,,,,,,,,,,,,,,,,,,,
2852,GOOLMA,GULGONG,,,,,,,,,,,,,,,,,,,,,,,,,,,,,,,,,,,,,,,,,,,,
2864,CUDAL,,,,,,,,,,,,,,,,,,,,,,,,,,,,,,,,,,,,,,,,,,,,,
2865,MANILDRA,,,,,,,,,,,,,,,,,,,,,,,,,,,,,,,,,,,,,,,,,,,,,
2866,EUCHAREENA,MOLONG,,,,,,,,,,,,,,,,,,,,,,,,,,,,,,,,,,,,,,,,,,,,
2867,CUMNOCK,,,,,,,,,,,,,,,,,,,,,,,,,,,,,,,,,,,,,,,,,,,,,
2868,YEOVAL,,,,,,,,,,,,,,,,,,,,,,,,,,,,,,,,,,,,,,,,,,,,,
2869,PEAK HILL,,,,,,,,,,,,,,,,,,,,,,,,,,,,,,,,,,,,,,,,,,,,,
2870,PARKES,,,,,,,,,,,,,,,,,,,,,,,,,,,,,,,,,,,,,,,,,,,,,
2871,BEDGERABONG,FORBES,,,,,,,,,,,,,,,,,,,,,,,,,,,,,,,,,,,,,,,,,,,,
2873,TOTTENHAM,,,,,,,,,,,,,,,,,,,,,,,,,,,,,,,,,,,,,,,,,,,,,
2874,TULLAMORE,,,,,,,,,,,,,,,,,,,,,,,,,,,,,,,,,,,,,,,,,,,,,
2875,TRUNDLE,,,,,,,,,,,,,,,,,,,,,,,,,,,,,,,,,,,,,,,,,,,,,
2876,BOGAN GATE,,,,,,,,,,,,,,,,,,,,,,,,,,,,,,,,,,,,,,,,,,,,,
2877,EUABALONG WEST,CONDOBOLIN,,,,,,,,,,,,,,,,,,,,,,,,,,,,,,,,,,,,,,,,,,,,
2878,IVANHOE,,,,,,,,,,,,,,,,,,,,,,,,,,,,,,,,,,,,,,,,,,,,,
2879,MENINDEE,,,,,,,,,,,,,,,,,,,,,,,,,,,,,,,,,,,,,,,,,,,,,
2880,BROKEN HILL,TIBOOBURRA,,,,,,,,,,,,,,,,,,,,,,,,,,,,,,,,,,,,,,,,,,,,
2898,LORD HOWE ISLAND,,,,,,,,,,,,,,,,,,,,,,,,,,,,,,,,,,,,,,,,,,,,,
2899,NORFOLK ISLAND,,,,,,,,,,,,,,,,,,,,,,,,,,,,,,,,,,,,,,,,,,,,,
2900,GREENWAY,,,,,,,,,,,,,,,,,,,,,,,,,,,,,,,,,,,,,,,,,,,,,
2902,KAMBAH,,,,,,,,,,,,,,,,,,,,,,,,,,,,,,,,,,,,,,,,,,,,,
2903,WANNIASSA,,,,,,,,,,,,,,,,,,,,,,,,,,,,,,,,,,,,,,,,,,,,,
2904,FADDEN,GOWRIE,MONASH,,,,,,,,,,,,,,,,,,,,,,,,,,,,,,,,,,,,,,,,,,,
2905,CHISHOLM,ISABELLA PLAINS,WANNIASSA,BONYTHON,CALWELL,GILMORE,RICHARDSON,THEODORE,,,,,,,,,,,,,,,,,,,,,,,,,,,,,,,,,,,,,,
2906,CONDER,GORDON,,,,,,,,,,,,,,,,,,,,,,,,,,,,,,,,,,,,,,,,,,,,
2912,GUNGAHLIN,,,,,,,,,,,,,,,,,,,,,,,,,,,,,,,,,,,,,,,,,,,,,
2913,NICHOLLS,NGUNNAWAL,PALMERSTON,FRANKLIN,,,,,,,,,,,,,,,,,,,,,,,,,,,,,,,,,,,,,,,,,,
2000,SYDNEY,MILLERS POINT,,,,,,,,,,,,,,,,,,,,,,,,,,,,,,,,,,,,,,,,,,,,
