4000,BRISBANE,SPRING HILL,,,,,,,,,,,,,,,,,,,,,,
4001,BRISBANE,,,,,,,,,,,,,,,,,,,,,,,
4004,SPRING HILL,,,,,,,,,,,,,,,,,,,,,,,
4005,NEW FARM,,,,,,,,,,,,,,,,,,,,,,,
4006,FORTITUDE VALLEY,,,,,,,,,,,,,,,,,,,,,,,
4007,ASCOT,HAMILTON,,,,,,,,,,,,,,,,,,,,,,
4011,HENDRA,CLAYFIELD,,,,,,,,,,,,,,,,,,,,,,
4012,NUNDAH,WAVELL HEIGHTS,,,,,,,,,,,,,,,,,,,,,,
4014,VIRGINIA,BANYO,,,,,,,,,,,,,,,,,,,,,,
4017,BRIGHTON,SANDGATE,BRACKEN RIDGE,SHORNCLIFFE,DEAGON,,,,,,,,,,,,,,,,,,,
4018,TAIGUM,,,,,,,,,,,,,,,,,,,,,,,
4019,CLONTARF,MARGATE,WOODY POINT,,,,,,,,,,,,,,,,,,,,,
4020,SCARBOROUGH,REDCLIFFE,,,,,,,,,,,,,,,,,,,,,,
4021,KIPPA-RING,,,,,,,,,,,,,,,,,,,,,,,
4022,ROTHWELL,,,,,,,,,,,,,,,,,,,,,,,
4029,ROYAL BRISBANE HOSPITAL,,,,,,,,,,,,,,,,,,,,,,,
4030,WINDSOR,WOOLOOWIN,,,,,,,,,,,,,,,,,,,,,,
4031,KEDRON,,,,,,,,,,,,,,,,,,,,,,,
4032,CHERMSIDE WEST,,,,,,,,,,,,,,,,,,,,,,,
4034,ZILLMERE,ASPLEY,GEEBUNG,BOONDALL,,,,,,,,,,,,,,,,,,,,
4035,ALBANY CREEK,,,,,,,,,,,,,,,,,,,,,,,
4036,BALD HILLS,,,,,,,,,,,,,,,,,,,,,,,
4037,EATONS HILL,,,,,,,,,,,,,,,,,,,,,,,
4051,ENOGGERA,NEWMARKET,GRANGE,WILSTON,,,,,,,,,,,,,,,,,,,,
4053,MITCHELTON,STAFFORD,EVERTON HILLS,MCDOWALL,STAFFORD HEIGHTS,EVERTON PARK,,,,,,,,,,,,,,,,,,
4054,KEPERRA,ARANA HILLS,,,,,,,,,,,,,,,,,,,,,,
4055,FERNY GROVE,FERNY HILLS,,,,,,,,,,,,,,,,,,,,,,
4059,KELVIN GROVE,RED HILL,,,,,,,,,,,,,,,,,,,,,,
4060,ASHGROVE,ASHGROVE WEST,,,,,,,,,,,,,,,,,,,,,,
4061,THE GAP,,,,,,,,,,,,,,,,,,,,,,,
4064,MILTON,PADDINGTON,,,,,,,,,,,,,,,,,,,,,,
4065,BARDON,,,,,,,,,,,,,,,,,,,,,,,
4066,TOOWONG,,,,,,,,,,,,,,,,,,,,,,,
4067,ST LUCIA,,,,,,,,,,,,,,,,,,,,,,,
4068,INDOOROOPILLY,CHELMER,,,,,,,,,,,,,,,,,,,,,,
4069,BROOKFIELD,FIG TREE POCKET,PULLENVALE,KENMORE,UPPER BROOKFIELD,CHAPEL HILL,,,,,,,,,,,,,,,,,,
4070,MOGGILL,,,,,,,,,,,,,,,,,,,,,,,
4074,JAMBOREE HEIGHTS,JINDALEE,MIDDLE PARK,MOUNT OMMANEY,,,,,,,,,,,,,,,,,,,,
4075,SHERWOOD,OXLEY,CORINDA,GRACEVILLE,,,,,,,,,,,,,,,,,,,,
4076,WACOL,DARRA,,,,,,,,,,,,,,,,,,,,,,
4077,INALA,DURACK,,,,,,,,,,,,,,,,,,,,,,
4078,FOREST LAKE,,,,,,,,,,,,,,,,,,,,,,,
4101,SOUTH BRISBANE,WEST END,,,,,,,,,,,,,,,,,,,,,,
4102,DUTTON PARK,WOOLLOONGABBA,BURANDA,,,,,,,,,,,,,,,,,,,,,
4103,ANNERLEY,,,,,,,,,,,,,,,,,,,,,,,
4104,YERONGA,,,,,,,,,,,,,,,,,,,,,,,
4105,TENNYSON,MOOROOKA,,,,,,,,,,,,,,,,,,,,,,
4106,ROCKLEA,,,,,,,,,,,,,,,,,,,,,,,
4107,SALISBURY,,,,,,,,,,,,,,,,,,,,,,,
4108,COOPERS PLAINS,,,,,,,,,,,,,,,,,,,,,,,
4109,SUNNYBANK HILLS,SUNNYBANK,MACGREGOR,ROBERTSON,,,,,,,,,,,,,,,,,,,,
4110,ACACIA RIDGE,PALLARA,,,,,,,,,,,,,,,,,,,,,,
4112,KURABY,,,,,,,,,,,,,,,,,,,,,,,
4113,EIGHT MILE PLAINS,RUNCORN,,,,,,,,,,,,,,,,,,,,,,
4114,KINGSTON,WOODRIDGE,LOGAN CENTRAL,,,,,,,,,,,,,,,,,,,,,
4115,ALGESTER,PARKINSON,,,,,,,,,,,,,,,,,,,,,,
4116,CALAMVALE,STRETTON,,,,,,,,,,,,,,,,,,,,,,
4117,BERRINBA,KARAWATHA,,,,,,,,,,,,,,,,,,,,,,
4118,BROWNS PLAINS,REGENTS PARK,,,,,,,,,,,,,,,,,,,,,,
4120,GREENSLOPES,,,,,,,,,,,,,,,,,,,,,,,
4121,HOLLAND PARK WEST,HOLLAND PARK,TARRAGINDI,,,,,,,,,,,,,,,,,,,,,
4122,UPPER MOUNT GRAVATT,MANSFIELD,MOUNT GRAVATT,WISHART,MOUNT GRAVATT EAST,,,,,,,,,,,,,,,,,,,
4123,ROCHEDALE SOUTH,ROCHEDALE,,,,,,,,,,,,,,,,,,,,,,
4124,GREENBANK,BORONIA HEIGHTS,,,,,,,,,,,,,,,,,,,,,,
4125,PARK RIDGE,,,,,,,,,,,,,,,,,,,,,,,
4127,DAISY HILL,SLACKS CREEK,SPRINGWOOD,,,,,,,,,,,,,,,,,,,,,
4128,SHAILER PARK,,,,,,,,,,,,,,,,,,,,,,,
4129,LOGANHOLME,,,,,,,,,,,,,,,,,,,,,,,
4130,CARBROOK,CORNUBIA,,,,,,,,,,,,,,,,,,,,,,
4131,LOGANLEA,,,,,,,,,,,,,,,,,,,,,,,
4132,MARSDEN,CRESTMEAD,,,,,,,,,,,,,,,,,,,,,,
4133,LOGAN RESERVE,WATERFORD,WATERFORD WEST,,,,,,,,,,,,,,,,,,,,,
4151,COORPAROO,,,,,,,,,,,,,,,,,,,,,,,
4152,CARINDALE,CARINA,CAMP HILL,,,,,,,,,,,,,,,,,,,,,
4154,GUMDALE,WAKERLEY,,,,,,,,,,,,,,,,,,,,,,
4156,MACKENZIE,BURBANK,,,,,,,,,,,,,,,,,,,,,,
4157,CAPALABA,SHELDON,,,,,,,,,,,,,,,,,,,,,,
4159,BIRKDALE,,,,,,,,,,,,,,,,,,,,,,,
4160,ORMISTON,WELLINGTON POINT,,,,,,,,,,,,,,,,,,,,,,
4161,ALEXANDRA HILLS,,,,,,,,,,,,,,,,,,,,,,,
4163,CLEVELAND,,,,,,,,,,,,,,,,,,,,,,,
4164,THORNLANDS,,,,,,,,,,,,,,,,,,,,,,,
4165,REDLAND BAY,VICTORIA POINT,MOUNT COTTON,,,,,,,,,,,,,,,,,,,,,
4169,EAST BRISBANE,KANGAROO POINT,,,,,,,,,,,,,,,,,,,,,,
4170,NORMAN PARK,SEVEN HILLS,CANNON HILL,MORNINGSIDE,,,,,,,,,,,,,,,,,,,,
4171,BULIMBA,BALMORAL,HAWTHORNE,,,,,,,,,,,,,,,,,,,,,
4172,MURARRIE,,,,,,,,,,,,,,,,,,,,,,,
4173,TINGALPA,,,,,,,,,,,,,,,,,,,,,,,
4174,HEMMANT,,,,,,,,,,,,,,,,,,,,,,,
4178,WYNNUM WEST,WYNNUM,LINDUM,,,,,,,,,,,,,,,,,,,,,
4179,MANLY WEST,LOTA,MANLY,,,,,,,,,,,,,,,,,,,,,
4183,DUNWICH,,,,,,,,,,,,,,,,,,,,,,,
4184,RUSSELL ISLAND,MACLEAY ISLAND,,,,,,,,,,,,,,,,,,,,,,
4205,BETHANIA,,,,,,,,,,,,,,,,,,,,,,,
4207,EAGLEBY,BEENLEIGH,WOONGOOLBA,LOGAN VILLAGE,CEDAR CREEK,EDENS LANDING,MOUNT WARREN PARK,BAHRS SCRUB,YATALA,YARRABILBA,,,,,,,,,,,,,,
4208,ORMEAU,,,,,,,,,,,,,,,,,,,,,,,
4209,PIMPAMA,COOMERA,UPPER COOMERA,,,,,,,,,,,,,,,,,,,,,
4210,OXENFORD,,,,,,,,,,,,,,,,,,,,,,,
4211,CARRARA,GILSTON,NERANG,BEECHMONT,NUMINBAH VALLEY,PACIFIC PINES,HIGHLAND PARK,MOUNT NATHAN,,,,,,,,,,,,,,,,
4212,HELENSVALE,,,,,,,,,,,,,,,,,,,,,,,
4213,MUDGEERABA,SPRINGBROOK,WORONGARY,,,,,,,,,,,,,,,,,,,,,
4214,ASHMORE,ARUNDEL,,,,,,,,,,,,,,,,,,,,,,
4215,SOUTHPORT,LABRADOR,,,,,,,,,,,,,,,,,,,,,,
4216,BIGGERA WATERS,COOMBABAH,RUNAWAY BAY,,,,,,,,,,,,,,,,,,,,,
4217,BENOWA,SURFERS PARADISE,,,,,,,,,,,,,,,,,,,,,,
4218,BROADBEACH,MERMAID WATERS,,,,,,,,,,,,,,,,,,,,,,
4220,BURLEIGH HEADS,BURLEIGH WATERS,MIAMI,,,,,,,,,,,,,,,,,,,,,
4221,PALM BEACH,ELANORA,,,,,,,,,,,,,,,,,,,,,,
4223,CURRUMBIN VALLEY,CURRUMBIN,CURRUMBIN WATERS,,,,,,,,,,,,,,,,,,,,,
4225,COOLANGATTA,,,,,,,,,,,,,,,,,,,,,,,
4226,ROBINA,MERRIMAC,CLEAR ISLAND WATERS,,,,,,,,,,,,,,,,,,,,,
4227,VARSITY LAKES,REEDY CREEK,,,,,,,,,,,,,,,,,,,,,,
4228,TALLEBUDGERA,TALLEBUDGERA VALLEY,,,,,,,,,,,,,,,,,,,,,,
4272,TAMBORINE MOUNTAIN,NORTH TAMBORINE,,,,,,,,,,,,,,,,,,,,,,
4275,CANUNGRA,,,,,,,,,,,,,,,,,,,,,,,
4280,JIMBOOMBA,NORTH MACLEAN,,,,,,,,,,,,,,,,,,,,,,
4285,WOODHILL,BEAUDESERT,DARLINGTON,HILLVIEW,VERESDALE SCRUB,GLENEAGLE,TAMROOKUM,KOORALBYN,,,,,,,,,,,,,,,,
4287,RATHDOWNEY,,,,,,,,,,,,,,,,,,,,,,,
4300,SPRINGFIELD,GOODNA,CAMIRA,BELLBIRD PARK,SPRINGFIELD LAKES,AUGUSTINE HEIGHTS,SPRINGFIELD CENTRAL,,,,,,,,,,,,,,,,,
4301,REDBANK PLAINS,REDBANK,COLLINGWOOD PARK,,,,,,,,,,,,,,,,,,,,,
4303,RIVERVIEW,,,,,,,,,,,,,,,,,,,,,,,
4304,BUNDAMBA,SILKSTONE,BOOVAL,,,,,,,,,,,,,,,,,,,,,
4305,IPSWICH,NORTH IPSWICH,YAMANTO,TIVOLI,WEST IPSWICH,BRASSALL,EAST IPSWICH,RACEVIEW,LEICHHARDT,SADLIERS CROSSING,CHURCHILL,WOODEND,,,,,,,,,,,,
4306,PEAK CROSSING,HAIGSLEA,GLAMORGAN VALE,FERNVALE,KARANA DOWNS,WALLOON,BLACKBUTT,HARLIN,LINVILLE,MOUNT MARROW,BENARKIN,KARALEE,KARRABIN,DEEBING HEIGHTS,,,,,,,,,,
4307,MUTDAPILLY,HARRISVILLE,WARRILL VIEW,,,,,,,,,,,,,,,,,,,,,
4309,KALBAR,ARATULA,,,,,,,,,,,,,,,,,,,,,,
4310,BOONAH,MOUNT ALFORD,ROADVALE,MAROON,,,,,,,,,,,,,,,,,,,,
4311,PRENZLAU,LOWOOD,TARAMPA,MINDEN,MOUNT TARAMPA,COOMINYA,PATRICK ESTATE,CLARENDON,,,,,,,,,,,,,,,,
4312,ESK,,,,,,,,,,,,,,,,,,,,,,,
4313,TOOGOOLAWAH,,,,,,,,,,,,,,,,,,,,,,,
4340,ROSEWOOD,GRANDCHESTER,ASHWELL,,,,,,,,,,,,,,,,,,,,,
4341,THORNTON,BLENHEIM,HATTON VALE,KENTVILLE,LAIDLEY,PLAINLAND,,,,,,,,,,,,,,,,,,
4342,FOREST HILL,LOCKROSE,GLENORE GROVE,,,,,,,,,,,,,,,,,,,,,
4343,GATTON,LOWER TENTHILL,MOUNT SYLVIA,ROPELEY,LAKE CLARENDON,,,,,,,,,,,,,,,,,,,
4344,HELIDON,FLAGSTONE CREEK,,,,,,,,,,,,,,,,,,,,,,
4346,MARBURG,,,,,,,,,,,,,,,,,,,,,,,
4347,MA MA CREEK,MOUNT WHITESTONE,GRANTHAM,,,,,,,,,,,,,,,,,,,,,
4350,DRAYTON,CENTENARY HEIGHTS,TOOWOOMBA,GLENVALE,WILSONTON,MIDDLE RIDGE,WILSONTON HEIGHTS,EAST TOOWOOMBA,WESTBROOK,WELLCAMP,HARLAXTON,RANGEVILLE,NEWTOWN,HARRISTOWN,ROCKVILLE,DARLING HEIGHTS,MOUNT LOFTY,,,,,,,
4352,HIGHFIELDS,GEHAM,MURPHYS CREEK,MERINGANDAN WEST,GOWRIE JUNCTION,WYREEMA,VALE VIEW,KARARA,KULPI,POZIERES,WITHCOTT,,,,,,,,,,,,,
4353,HADEN,,,,,,,,,,,,,,,,,,,,,,,
4354,GOOMBUNGEE,,,,,,,,,,,,,,,,,,,,,,,
4355,CROWS NEST,,,,,,,,,,,,,,,,,,,,,,,
4356,PITTSWORTH,MOUNT TYSON,,,,,,,,,,,,,,,,,,,,,,
4357,MILLMERRAN,,,,,,,,,,,,,,,,,,,,,,,
4358,RAMSAY,CAMBOOYA,,,,,,,,,,,,,,,,,,,,,,
4359,EAST GREENMOUNT,GREENMOUNT,,,,,,,,,,,,,,,,,,,,,,
4360,NOBBY,,,,,,,,,,,,,,,,,,,,,,,
4361,BACK PLAINS,PILTON,CLIFTON,,,,,,,,,,,,,,,,,,,,,
4362,ALLORA,,,,,,,,,,,,,,,,,,,,,,,
4363,SOUTHBROOK,,,,,,,,,,,,,,,,,,,,,,,
4364,BROOKSTEAD,,,,,,,,,,,,,,,,,,,,,,,
4365,LEYBURN,,,,,,,,,,,,,,,,,,,,,,,
4370,FREESTONE,WARWICK,WHEATVALE,MURRAYS BRIDGE,MARYVALE,,,,,,,,,,,,,,,,,,,
4371,YANGAN,,,,,,,,,,,,,,,,,,,,,,,
4372,TANNYMOREL,,,,,,,,,,,,,,,,,,,,,,,
4373,KILLARNEY,,,,,,,,,,,,,,,,,,,,,,,
4374,DALVEEN,,,,,,,,,,,,,,,,,,,,,,,
4376,THULIMBAH,,,,,,,,,,,,,,,,,,,,,,,
4377,THE SUMMIT,,,,,,,,,,,,,,,,,,,,,,,
4378,APPLETHORPE,,,,,,,,,,,,,,,,,,,,,,,
4380,MINGOOLA,STANTHORPE,GREENLANDS,SEVERNLEA,BROADWATER,AMIENS,,,,,,,,,,,,,,,,,,
4381,GLEN APLIN,,,,,,,,,,,,,,,,,,,,,,,
4382,BALLANDEAN,,,,,,,,,,,,,,,,,,,,,,,
4383,JENNINGS,WALLANGARRA,,,,,,,,,,,,,,,,,,,,,,
4385,TEXAS,,,,,,,,,,,,,,,,,,,,,,,
4387,INGLEWOOD,,,,,,,,,,,,,,,,,,,,,,,
4388,YELARBON,,,,,,,,,,,,,,,,,,,,,,,
4390,LUNDAVRA,GOONDIWINDI,KINDON,,,,,,,,,,,,,,,,,,,,,
4400,KINGSTHORPE,,,,,,,,,,,,,,,,,,,,,,,
4401,OAKEY,BIDDESTON,,,,,,,,,,,,,,,,,,,,,,
4402,COOYAR,,,,,,,,,,,,,,,,,,,,,,,
4403,JONDARYAN,QUINALOW,,,,,,,,,,,,,,,,,,,,,,
4404,BOWENVILLE,,,,,,,,,,,,,,,,,,,,,,,
4405,DALBY,,,,,,,,,,,,,,,,,,,,,,,
4406,MOONIE,KOGAN,KAIMKILLENBUN,THE GUMS,JIMBOUR EAST,HANNAFORD,,,,,,,,,,,,,,,,,,
4407,CECIL PLAINS,,,,,,,,,,,,,,,,,,,,,,,
4408,BELL,,,,,,,,,,,,,,,,,,,,,,,
4410,JANDOWAE,,,,,,,,,,,,,,,,,,,,,,,
4411,WARRA,,,,,,,,,,,,,,,,,,,,,,,
4412,BRIGALOW,,,,,,,,,,,,,,,,,,,,,,,
4413,CHINCHILLA,BURRA BURRI,,,,,,,,,,,,,,,,,,,,,,
4415,MILES,,,,,,,,,,,,,,,,,,,,,,,
4416,CONDAMINE,,,,,,,,,,,,,,,,,,,,,,,
4417,SURAT,,,,,,,,,,,,,,,,,,,,,,,
4418,GULUGUBA,,,,,,,,,,,,,,,,,,,,,,,
4419,GROSMONT,WANDOAN,,,,,,,,,,,,,,,,,,,,,,
4420,TAROOM,,,,,,,,,,,,,,,,,,,,,,,
4421,TARA,,,,,,,,,,,,,,,,,,,,,,,
4422,WESTMAR,MEANDARRA,,,,,,,,,,,,,,,,,,,,,,
4423,TEELBA,GLENMORGAN,,,,,,,,,,,,,,,,,,,,,,
4424,DRILLHAM,,,,,,,,,,,,,,,,,,,,,,,
4425,DULACCA,,,,,,,,,,,,,,,,,,,,,,,
4427,YULEBA,,,,,,,,,,,,,,,,,,,,,,,
4428,WALLUMBILLA,,,,,,,,,,,,,,,,,,,,,,,
4454,ARCADIA VALLEY,INJUNE,,,,,,,,,,,,,,,,,,,,,,
4455,ROMA,BYMOUNT,,,,,,,,,,,,,,,,,,,,,,
4465,MITCHELL,DUNKELD,,,,,,,,,,,,,,,,,,,,,,
4467,MUNGALLALA,,,,,,,,,,,,,,,,,,,,,,,
4468,MORVEN,,,,,,,,,,,,,,,,,,,,,,,
4470,CHARLEVILLE,,,,,,,,,,,,,,,,,,,,,,,
4472,BLACKALL,,,,,,,,,,,,,,,,,,,,,,,
4477,AUGATHELLA,,,,,,,,,,,,,,,,,,,,,,,
4478,TAMBO,,,,,,,,,,,,,,,,,,,,,,,
4480,EROMANGA,QUILPIE,,,,,,,,,,,,,,,,,,,,,,
4481,WINDORAH,,,,,,,,,,,,,,,,,,,,,,,
4482,BIRDSVILLE,,,,,,,,,,,,,,,,,,,,,,,
4486,HEBEL,DIRRANBANDI,,,,,,,,,,,,,,,,,,,,,,
4487,ST GEORGE,BEGONIA,,,,,,,,,,,,,,,,,,,,,,
4488,BOLLON,,,,,,,,,,,,,,,,,,,,,,,
4489,WYANDRA,,,,,,,,,,,,,,,,,,,,,,,
4490,YOWAH,CUNNAMULLA,,,,,,,,,,,,,,,,,,,,,,
4491,EULO,,,,,,,,,,,,,,,,,,,,,,,
4492,THARGOMINDAH,,,,,,,,,,,,,,,,,,,,,,,
4494,BUNGUNYA,,,,,,,,,,,,,,,,,,,,,,,
4496,NORTH TALWOOD,,,,,,,,,,,,,,,,,,,,,,,
4497,THALLON,,,,,,,,,,,,,,,,,,,,,,,
4498,KIOMA,,,,,,,,,,,,,,,,,,,,,,,
4500,BRAY PARK,STRATHPINE,,,,,,,,,,,,,,,,,,,,,,
4501,LAWNTON,,,,,,,,,,,,,,,,,,,,,,,
4502,PETRIE,,,,,,,,,,,,,,,,,,,,,,,
4503,KALLANGUR,MURRUMBA DOWNS,DAKABIN,GRIFFIN,,,,,,,,,,,,,,,,,,,,
4504,NARANGBA,,,,,,,,,,,,,,,,,,,,,,,
4505,BURPENGARY,,,,,,,,,,,,,,,,,,,,,,,
4506,MORAYFIELD,,,,,,,,,,,,,,,,,,,,,,,
4507,BONGAREE,BANKSIA BEACH,,,,,,,,,,,,,,,,,,,,,,
4508,DECEPTION BAY,,,,,,,,,,,,,,,,,,,,,,,
4509,NORTH LAKES,MANGO HILL,,,,,,,,,,,,,,,,,,,,,,
4510,CABOOLTURE,BEACHMERE,CABOOLTURE SOUTH,BELLMERE,,,,,,,,,,,,,,,,,,,,
4512,WAMURAN,,,,,,,,,,,,,,,,,,,,,,,
4514,WOODFORD,DELANEYS CREEK,,,,,,,,,,,,,,,,,,,,,,
4515,KILCOY,MOUNT KILCOY,,,,,,,,,,,,,,,,,,,,,,
4516,ELIMBAH,,,,,,,,,,,,,,,,,,,,,,,
4517,BEERBURRUM,,,,,,,,,,,,,,,,,,,,,,,
4518,GLASS HOUSE MOUNTAINS,,,,,,,,,,,,,,,,,,,,,,,
4519,BEERWAH,PEACHESTER,,,,,,,,,,,,,,,,,,,,,,
4520,SAMFORD VILLAGE,MOUNT SAMSON,MOUNT NEBO,WIGHTS MOUNTAIN,,,,,,,,,,,,,,,,,,,,
4521,DAYBORO,MOUNT MEE,,,,,,,,,,,,,,,,,,,,,,
4550,LANDSBOROUGH,,,,,,,,,,,,,,,,,,,,,,,
4551,CURRIMUNDI,CALOUNDRA,MERIDAN PLAINS,GOLDEN BEACH,DICKY BEACH,CALOUNDRA WEST,PELICAN WATERS,,,,,,,,,,,,,,,,,
4552,CONONDALE,MALENY,,,,,,,,,,,,,,,,,,,,,,
4553,MOOLOOLAH VALLEY,GLENVIEW,,,,,,,,,,,,,,,,,,,,,,
4554,EUDLO,,,,,,,,,,,,,,,,,,,,,,,
4555,PALMWOODS,CHEVALLUM,,,,,,,,,,,,,,,,,,,,,,
4556,BUDERIM,SIPPY DOWNS,FOREST GLEN,,,,,,,,,,,,,,,,,,,,,
4557,MOOLOOLABA,MOUNTAIN CREEK,,,,,,,,,,,,,,,,,,,,,,
4558,MAROOCHYDORE,KULUIN,,,,,,,,,,,,,,,,,,,,,,
4559,WOOMBYE,,,,,,,,,,,,,,,,,,,,,,,
4560,NAMBOUR,MONTVILLE,MAPLETON,BLI BLI,BURNSIDE,KUREELPA,,,,,,,,,,,,,,,,,,
4561,NORTH ARM,YANDINA,,,,,,,,,,,,,,,,,,,,,,
4562,EUMUNDI,DOONAN,,,,,,,,,,,,,,,,,,,,,,
4563,COOROY,,,,,,,,,,,,,,,,,,,,,,,
4564,PACIFIC PARADISE,,,,,,,,,,,,,,,,,,,,,,,
4565,TEWANTIN,,,,,,,,,,,,,,,,,,,,,,,
4566,NOOSAVILLE,,,,,,,,,,,,,,,,,,,,,,,
4567,SUNSHINE BEACH,,,,,,,,,,,,,,,,,,,,,,,
4568,POMONA,FEDERAL,,,,,,,,,,,,,,,,,,,,,,
4569,COORAN,,,,,,,,,,,,,,,,,,,,,,,
4570,GYMPIE,GUNALDA,TWO MILE,MONKLAND,IMBIL,GREENS CREEK,THEEBINE,JONES HILL,WIDGEE,WOLVI,DAGUN,CHATSWORTH,SOUTHSIDE,WOOLOOGA,KANDANGA,GLENWOOD,KIA ORA,AMAMOOR,,,,,,
4571,KIN KIN,,,,,,,,,,,,,,,,,,,,,,,
4573,COOLUM BEACH,PEREGIAN SPRINGS,PEREGIAN BEACH,,,,,,,,,,,,,,,,,,,,,
4574,KENILWORTH,,,,,,,,,,,,,,,,,,,,,,,
4575,BUDDINA,BOKARINA,,,,,,,,,,,,,,,,,,,,,,
4580,TIN CAN BAY,,,,,,,,,,,,,,,,,,,,,,,
4581,RAINBOW BEACH,,,,,,,,,,,,,,,,,,,,,,,
4600,KILKIVAN,,,,,,,,,,,,,,,,,,,,,,,
4601,GOOMERI,,,,,,,,,,,,,,,,,,,,,,,
4605,WINDERA,MOFFATDALE,MURGON,CHERBOURG,CLOYNA,,,,,,,,,,,,,,,,,,,
4606,WONDAI,WHEATLANDS,,,,,,,,,,,,,,,,,,,,,,
4608,TINGOORA,WOOROOLIN,,,,,,,,,,,,,,,,,,,,,,
4610,CRAWFORD,COOLABUNIA,KINGAROY,KUMBIA,DURONG,,,,,,,,,,,,,,,,,,,
4613,PROSTON,,,,,,,,,,,,,,,,,,,,,,,
4614,YARRAMAN,,,,,,,,,,,,,,,,,,,,,,,
4615,NANANGO,PIMPIMBUDGEE,,,,,,,,,,,,,,,,,,,,,,
4620,BROOWEENA,,,,,,,,,,,,,,,,,,,,,,,
4621,BIGGENDEN,DALLARNIL,COALSTOUN LAKES,,,,,,,,,,,,,,,,,,,,,
4625,GAYNDAH,BINJOUR,,,,,,,,,,,,,,,,,,,,,,
4626,MUNDUBBERA,BOYNEWOOD,MONOGORILBY,,,,,,,,,,,,,,,,,,,,,
4627,EIDSVOLD,ABERCORN,,,,,,,,,,,,,,,,,,,,,,
4630,MULGILDIE,MONTO,,,,,,,,,,,,,,,,,,,,,,
4650,MARYBOROUGH,TIARO,GRANVILLE,TINANA,MUNGAR,ST HELENS,GUNDIAH,BAUPLE,TINANA SOUTH,ST HELENS VIA MARYBOROUGH,,,,,,,,,,,,,,
4655,PIALBA,TORQUAY,URANGAN,URRAWEEN,KAWUNGAN,HERVEY BAY,WONDUNNA,NIKENBAH,,,,,,,,,,,,,,,,
4659,HOWARD,,,,,,,,,,,,,,,,,,,,,,,
4660,CORDALBA,CHILDERS,GOODWOOD,,,,,,,,,,,,,,,,,,,,,
4662,TORBANLEA,,,,,,,,,,,,,,,,,,,,,,,
4670,ELLIOTT,BUNDABERG CENTRAL,BUNDABERG NORTH,KALKIE,SOUTH KOLAN,BURNETT HEADS,WOONGARRA,SHARON,GOOBURRUM,ALLOWAY,NORVILLE,BUNDABERG EAST,WALKERVALE,AVONDALE,WINFIELD,OAKWOOD,BUNDABERG SOUTH,MON REPOS,GIVELDA,BRANYAN,ELLIOTT HEADS,THABEBAN,MOORE PARK BEACH,BUNDABERG WEST
4671,MOUNT PERRY,GIN GIN,BULLYARD,WALLAVILLE,MAROONDAN,MCILWRAITH,BOOYAL,,,,,,,,,,,,,,,,,
4673,YANDARAN,,,,,,,,,,,,,,,,,,,,,,,
4674,ROSEDALE,BAFFLE CREEK,,,,,,,,,,,,,,,,,,,,,,
4676,LOWMEAD,,,,,,,,,,,,,,,,,,,,,,,
4677,MIRIAM VALE,AGNES WATER,,,,,,,,,,,,,,,,,,,,,,
4678,BOROREN,,,,,,,,,,,,,,,,,,,,,,,
4680,CALLIOPE,GLADSTONE CENTRAL,CLINTON,TANNUM SANDS,BENARABY,WEST GLADSTONE,SOUTH GLADSTONE,BOYNE VALLEY,BOYNE ISLAND,KIN KORA,GLADSTONE,BURUA,,,,,,,,,,,,
4694,YARWUN,,,,,,,,,,,,,,,,,,,,,,,
4695,MOUNT LARCOM,AMBROSE,,,,,,,,,,,,,,,,,,,,,,
4699,BAJOOL,,,,,,,,,,,,,,,,,,,,,,,
4700,ALLENSTOWN,PORT CURTIS,WEST ROCKHAMPTON,DEPOT HILL,WANDAL,ROCKHAMPTON,,,,,,,,,,,,,,,,,,
4701,NORTH ROCKHAMPTON,LAKES CREEK,KAWANA,FRENCHVILLE,PARK AVENUE,BERSERKER,KOONGAL,ROCKHAMPTON,,,,,,,,,,,,,,,,
4702,COOWONGA,GRACEMERE,BOULDERCOMBE,ROLLESTON,WESTWOOD,STANWELL,CAWARRAL,COMET,DINGO,BLUFF,THE GEMFIELDS,BANANA,GOGANGO,KEPPEL SANDS,GINDIE,WOWAN,PARKHURST,THE CAVES,MILMAN,MARMOR,RIDGELANDS,BARALABA,SMOKY CREEK,GOOVIGEN
4703,YEPPOON,FARNBOROUGH,BYFIELD,TARANGANBA,,,,,,,,,,,,,,,,,,,,
4705,MACKENZIE RIVER,CLARKE CREEK,MARLBOROUGH,,,,,,,,,,,,,,,,,,,,,
4707,ST LAWRENCE,,,,,,,,,,,,,,,,,,,,,,,
4709,TIERI,,,,,,,,,,,,,,,,,,,,,,,
4710,EMU PARK,,,,,,,,,,,,,,,,,,,,,,,
4711,GLENLEE,,,,,,,,,,,,,,,,,,,,,,,
4712,DUARINGA,,,,,,,,,,,,,,,,,,,,,,,
4713,WOORABINDA,,,,,,,,,,,,,,,,,,,,,,,
4714,MOUNT MORGAN,,,,,,,,,,,,,,,,,,,,,,,
4715,MOUNT MURCHISON,PROSPECT,BILOELA,,,,,,,,,,,,,,,,,,,,,
4716,THANGOOL,,,,,,,,,,,,,,,,,,,,,,,
4717,BLACKWATER,,,,,,,,,,,,,,,,,,,,,,,
4718,BAUHINIA,MOURA,,,,,,,,,,,,,,,,,,,,,,
4719,THEODORE,,,,,,,,,,,,,,,,,,,,,,,
4720,EMERALD,,,,,,,,,,,,,,,,,,,,,,,
4721,CLERMONT,KILCUMMIN,MISTAKE CREEK,,,,,,,,,,,,,,,,,,,,,
4722,SPRINGSURE,NANDOWRIE,LOCHINGTON,ORION,,,,,,,,,,,,,,,,,,,,
4723,CAPELLA,,,,,,,,,,,,,,,,,,,,,,,
4724,ALPHA,,,,,,,,,,,,,,,,,,,,,,,
4725,BARCALDINE,,,,,,,,,,,,,,,,,,,,,,,
4726,ARAMAC,,,,,,,,,,,,,,,,,,,,,,,
4727,ILFRACOMBE,,,,,,,,,,,,,,,,,,,,,,,
4728,JERICHO,,,,,,,,,,,,,,,,,,,,,,,
4730,LONGREACH,STONEHENGE,,,,,,,,,,,,,,,,,,,,,,
4731,ISISFORD,,,,,,,,,,,,,,,,,,,,,,,
4732,MUTTABURRA,,,,,,,,,,,,,,,,,,,,,,,
4735,WINTON,,,,,,,,,,,,,,,,,,,,,,,
4736,JUNDAH,,,,,,,,,,,,,,,,,,,,,,,
4737,SARINA,,,,,,,,,,,,,,,,,,,,,,,
4738,KOUMALA,,,,,,,,,,,,,,,,,,,,,,,
4739,CARMILA,,,,,,,,,,,,,,,,,,,,,,,
4740,MACKAY,GLENELLA,HOMEBUSH,WEST MACKAY,RURAL VIEW,CHELONA,NORTH MACKAY,ALLIGATOR CREEK,ANDERGROVE,BEACONSFIELD,BAKERS CREEK,SLADE POINT,EAST MACKAY,MOUNT PLEASANT,SOUTH MACKAY,MACKAY WEST,MACKAY SOUTH,,,,,,,
4741,ETON,FARLEIGH,HAMPDEN,NORTH ETON,PINNACLE,OAKENDEN,GARGETT,SEAFORTH,COPPABELLA,,,,,,,,,,,,,,,
4742,NEBO,VALKYRIE,,,,,,,,,,,,,,,,,,,,,,
4743,GLENDEN,,,,,,,,,,,,,,,,,,,,,,,
4744,MORANBAH,,,,,,,,,,,,,,,,,,,,,,,
4745,DYSART,,,,,,,,,,,,,,,,,,,,,,,
4746,MIDDLEMOUNT,,,,,,,,,,,,,,,,,,,,,,,
4750,BUCASIA,,,,,,,,,,,,,,,,,,,,,,,
4751,WALKERSTON,,,,,,,,,,,,,,,,,,,,,,,
4753,MARIAN,,,,,,,,,,,,,,,,,,,,,,,
4754,MIRANI,,,,,,,,,,,,,,,,,,,,,,,
4756,FINCH HATTON,,,,,,,,,,,,,,,,,,,,,,,
4757,EUNGELLA,,,,,,,,,,,,,,,,,,,,,,,
4798,PINDI PINDI,CALEN,,,,,,,,,,,,,,,,,,,,,,
4799,BLOOMSBURY,,,,,,,,,,,,,,,,,,,,,,,
4800,PROSERPINE,,,,,,,,,,,,,,,,,,,,,,,
4802,CANNONVALE,WHITSUNDAYS,,,,,,,,,,,,,,,,,,,,,,
4803,WHITSUNDAYS,,,,,,,,,,,,,,,,,,,,,,,
4804,SCOTTVILLE,COLLINSVILLE,,,,,,,,,,,,,,,,,,,,,,
4805,BOWEN,GUMLU,,,,,,,,,,,,,,,,,,,,,,
4806,OSBORNE,HOME HILL,,,,,,,,,,,,,,,,,,,,,,
4807,CLARE,AYR,AIRVILLE,JARVISFIELD,MILLAROO,,,,,,,,,,,,,,,,,,,
4808,BRANDON,,,,,,,,,,,,,,,,,,,,,,,
4809,GIRU,,,,,,,,,,,,,,,,,,,,,,,
4810,ROWES BAY,NORTH WARD,SOUTH TOWNSVILLE,WEST END,BELGIAN GARDENS,RAILWAY ESTATE,TOWNSVILLE,,,,,,,,,,,,,,,,,
4811,WULGURU,IDALIA,,,,,,,,,,,,,,,,,,,,,,
4812,GULLIVER,MUNDINGBURRA,HYDE PARK,CURRAJONG,ROSSLEA,,,,,,,,,,,,,,,,,,,
4814,DOUGLAS,HEATLEY,ANNANDALE,AITKENVALE,VINCENT,GARBUTT,CRANBROOK,MOUNT LOUISA,,,,,,,,,,,,,,,,
4815,RASMUSSEN,KELSO,CONDON,,,,,,,,,,,,,,,,,,,,,
4816,RAVENSWOOD,HOMESTEAD,GREENVALE,PALM ISLAND,PENTLAND,PRAIRIE,WOODSTOCK,KENNEDY,MUTARNEE,ROLLINGSTONE,,,,,,,,,,,,,,
4817,KIRWAN,THURINGOWA CENTRAL,,,,,,,,,,,,,,,,,,,,,,
4818,DEERAGUN,BLUEWATER,BURDELL,,,,,,,,,,,,,,,,,,,,,
4819,NELLY BAY,,,,,,,,,,,,,,,,,,,,,,,
4820,CHARTERS TOWERS,MILLCHESTER,RICHMOND HILL,,,,,,,,,,,,,,,,,,,,,
4821,HUGHENDEN,TANGORIN,,,,,,,,,,,,,,,,,,,,,,
4822,RICHMOND,,,,,,,,,,,,,,,,,,,,,,,
4823,JULIA CREEK,,,,,,,,,,,,,,,,,,,,,,,
4824,CLONCURRY,,,,,,,,,,,,,,,,,,,,,,,
4825,PIONEER,PARKSIDE,HEALY,SOLDIERS HILL,HAPPY VALLEY,SUNSET,MOUNT ISA,TOWNVIEW,DAJARRA,PITURIE,ALPURRURULAM,,,,,,,,,,,,,
4828,CAMOOWEAL,,,,,,,,,,,,,,,,,,,,,,,
4829,BOULIA,BEDOURIE,,,,,,,,,,,,,,,,,,,,,,
4830,DOOMADGEE,BURKETOWN,,,,,,,,,,,,,,,,,,,,,,
4849,CARDWELL,,,,,,,,,,,,,,,,,,,,,,,
4850,INGHAM,HALIFAX,MACKNADE,VICTORIA PLANTATION,TREBONNE,ABERGOWRIE,TOOBANNA,FORREST BEACH,MOUNT FOX,,,,,,,,,,,,,,,
4852,WONGALING BEACH,,,,,,,,,,,,,,,,,,,,,,,
4854,FELUGA,TULLY,LOWER TULLY,MURRAY UPPER,,,,,,,,,,,,,,,,,,,,
4855,EL ARISH,,,,,,,,,,,,,,,,,,,,,,,
4856,SILKWOOD,,,,,,,,,,,,,,,,,,,,,,,
4858,MOURILYAN,,,,,,,,,,,,,,,,,,,,,,,
4859,SOUTH JOHNSTONE,,,,,,,,,,,,,,,,,,,,,,,
4860,INNISFAIL ESTATE,INNISFAIL,GOONDI BEND,FLYING FISH POINT,EAST INNISFAIL,,,,,,,,,,,,,,,,,,,
4861,BABINDA,BARTLE FRERE,,,,,,,,,,,,,,,,,,,,,,
4865,GORDONVALE,,,,,,,,,,,,,,,,,,,,,,,
4868,WOREE,WHITE ROCK,,,,,,,,,,,,,,,,,,,,,,
4869,BENTLEY PARK,EDMONTON,MOUNT PETER,,,,,,,,,,,,,,,,,,,,,
4870,EDGE HILL,PARRAMATTA PARK,REDLYNCH,MANUNDA,MOOROOBOOL,FRESHWATER,WHITFIELD,CAIRNS NORTH,EARLVILLE,CAIRNS,KAMERUNGA,BRINSMEAD,MANOORA,,,,,,,,,,,
4871,CROYDON,GEORGETOWN,LAKELAND,FORSAYTH,WANGAN,CHILLAGOE,ALOOMBA,MOUNT MOLLOY,YARRABAH,MIRRIWINNI,FISHERY FALLS,MOUNT SURPRISE,MENA CREEK,BELLENDEN KER,JULATTEN,,,,,,,,,
4872,WALKAMIN,MOUNT GARNET,MUTCHILBA,DIMBULAH,KAIRI,,,,,,,,,,,,,,,,,,,
4873,MOSSMAN,DAINTREE,MIALLO,WONGA BEACH,DIWAN,,,,,,,,,,,,,,,,,,,
4874,ROCKY POINT,MAPOON,WEIPA,,,,,,,,,,,,,,,,,,,,,
4875,THURSDAY ISLAND,HAMMOND ISLAND,BADU ISLAND,BOIGU ISLAND,MABUIAG ISLAND,MER ISLAND,ERUB ISLAND,MASIG ISLAND,SAIBAI ISLAND,IAMA ISLAND,WARRABER ISLET,MOA ISLAND,DAUAN ISLAND,PORUMA ISLAND,UGAR ISLAND,HORN ISLAND,,,,,,,,
4876,BAMAGA,INJINOO,,,,,,,,,,,,,,,,,,,,,,
4877,PORT DOUGLAS,WANGETTI,,,,,,,,,,,,,,,,,,,,,,
4878,YORKEYS KNOB,MACHANS BEACH,CARAVONICA,SMITHFIELD,,,,,,,,,,,,,,,,,,,,
4879,TRINITY BEACH,TRINITY PARK,KEWARRA BEACH,,,,,,,,,,,,,,,,,,,,,
4880,MAREEBA,BIBOOHRA,,,,,,,,,,,,,,,,,,,,,,
4881,KURANDA,,,,,,,,,,,,,,,,,,,,,,,
4882,TOLGA,,,,,,,,,,,,,,,,,,,,,,,
4883,ATHERTON,,,,,,,,,,,,,,,,,,,,,,,
4884,YUNGABURRA,,,,,,,,,,,,,,,,,,,,,,,
4885,MALANDA,BUTCHERS CREEK,,,,,,,,,,,,,,,,,,,,,,
4886,MILLAA MILLAA,,,,,,,,,,,,,,,,,,,,,,,
4887,MOOMIN,IRVINEBANK,HERBERTON,,,,,,,,,,,,,,,,,,,,,
4888,RAVENSHOE,,,,,,,,,,,,,,,,,,,,,,,
4890,NORMANTON,,,,,,,,,,,,,,,,,,,,,,,
4891,KARUMBA,,,,,,,,,,,,,,,,,,,,,,,
4892,AURUKUN,WELLESLEY ISLANDS,PORMPURAAW,KOWANYAMA,LOCKHART RIVER,LAURA,COEN,,,,,,,,,,,,,,,,,
4895,COOKTOWN,HOPE VALE,BLOOMFIELD,ROSSVILLE,,,,,,,,,,,,,,,,,,,,
